src_gene,dst_gene,selected_experiments,total_experiments,frequency,percent
r.EXOSC8,p.EXOSC8,98,100,0.98,98.0
r.GLUL,p.GLUL,98,100,0.98,98.0
r.TIMM13,p.TIMM13,98,100,0.98,98.0
r.HNRNPA0,p.HNRNPA0,94,100,0.94,94.0
r.RHOB,p.RHOB,94,100,0.94,94.0
p.LDHA,p.TKT,89,100,0.89,89.0
r.PYGB,p.PYGB,89,100,0.89,89.0
r.SLC25A4,p.SLC25A4,89,100,0.89,89.0
r.ETFB,p.ETFB,87,100,0.87,87.0
r.DHX15,p.DHX15,86,100,0.86,86.0
r.SLC25A12,p.SLC25A12,86,100,0.86,86.0
r.TLN2,p.TLN2,85,100,0.85,85.0
r.ATP6V0A1,p.ATP6V0A1,84,100,0.84,84.0
r.PNP,p.PNP,84,100,0.84,84.0
r.ACACA,p.ACACA,82,100,0.82,82.0
r.ARMC6,p.ARMC6,82,100,0.82,82.0
r.ATP6V1C1,p.ATP6V1C1,82,100,0.82,82.0
r.ENO2,p.ENO2,82,100,0.82,82.0
r.RHOC,p.RHOC,82,100,0.82,82.0
r.TBL3,p.TBL3,82,100,0.82,82.0
r.CAD,p.CAD,81,100,0.81,81.0
r.VPS51,p.VPS51,81,100,0.81,81.0
r.LANCL1,p.LANCL1,80,100,0.8,80.0
r.MAPRE2,p.MAPRE2,79,100,0.79,79.0
r.HINT3,p.HINT3,78,100,0.78,78.0
r.HSPA12A,p.HSPA12A,78,100,0.78,78.0
r.PSMA2,p.PSMA2,78,100,0.78,78.0
r.CAPRIN1,p.CAPRIN1,77,100,0.77,77.0
r.MLF2,p.MLF2,77,100,0.77,77.0
r.EIF5B,p.EIF5B,76,100,0.76,76.0
r.MAP6,p.MAP6,76,100,0.76,76.0
r.PFKM,p.PFKM,76,100,0.76,76.0
r.PPIA,p.PPIA,76,100,0.76,76.0
r.SNW1,p.SNW1,76,100,0.76,76.0
r.ACTR3,p.ACTR3,75,100,0.75,75.0
r.OGDH,p.OGDH,75,100,0.75,75.0
r.PPP1CB,p.PPP1CB,75,100,0.75,75.0
r.ORM2,p.ORM2,74,100,0.74,74.0
r.PSMD1,p.PSMD1,74,100,0.74,74.0
r.RPA1,p.RPA1,73,100,0.73,73.0
AASS,TRIO,72,100,0.72,72.0
r.CFH,p.CFH,72,100,0.72,72.0
r.MSN,p.MSN,72,100,0.72,72.0
r.PRDX6,p.PRDX6,72,100,0.72,72.0
r.TPRG1L,p.TPRG1L,72,100,0.72,72.0
r.CADPS,p.CADPS,71,100,0.71,71.0
r.CUL3,p.CUL3,71,100,0.71,71.0
r.PSMB10,p.PSMB10,71,100,0.71,71.0
r.SF3B2,p.SF3B2,71,100,0.71,71.0
p.ATP5F1B,p.IDH3A,70,100,0.7,70.0
r.DCTN2,p.DCTN2,70,100,0.7,70.0
r.GDPD1,p.GDPD1,70,100,0.7,70.0
r.GUK1,p.GUK1,69,100,0.69,69.0
r.RAB34,p.RAB34,69,100,0.69,69.0
r.ARFGAP3,r.BAG2,68,100,0.68,68.0
r.CDK1,p.CDK1,68,100,0.68,68.0
r.PSMD12,p.PSMD12,68,100,0.68,68.0
r.ILF2,p.ILF2,67,100,0.67,67.0
r.OPALIN,p.OPALIN,67,100,0.67,67.0
r.PCBP2,p.PCBP2,67,100,0.67,67.0
r.PSMD9,p.PSMD9,67,100,0.67,67.0
p.FNBP1,p.RAB5C,66,100,0.66,66.0
r.ACAT2,p.ACAT2,66,100,0.66,66.0
r.CA2,p.CA2,66,100,0.66,66.0
r.ETFDH,p.ETFDH,66,100,0.66,66.0
r.TFG,p.TFG,66,100,0.66,66.0
r.DCTN1,p.DCTN1,65,100,0.65,65.0
r.RUFY1,p.RUFY1,65,100,0.65,65.0
AASS,ATP8A1,64,100,0.64,64.0
r.RAB8B,p.RAB8B,64,100,0.64,64.0
r.CCDC6,p.CCDC6,63,100,0.63,63.0
r.CSPG4,p.CSPG4,63,100,0.63,63.0
r.SCAMP1,p.SCAMP1,63,100,0.63,63.0
r.GCSH,p.GCSH,62,100,0.62,62.0
r.PIP4K2A,p.PIP4K2A,62,100,0.62,62.0
r.PKP4,p.PKP4,62,100,0.62,62.0
p.EIF3D,p.EIF4B,60,100,0.6,60.0
r.ERLEC1,p.ERLEC1,60,100,0.6,60.0
r.HDLBP,p.HDLBP,60,100,0.6,60.0
r.ARFGEF2,p.ARFGEF2,59,100,0.59,59.0
r.TXN2,p.TXN2,59,100,0.59,59.0
r.UQCRH,p.UQCRH,59,100,0.59,59.0
r.VPS37C,p.VPS37C,59,100,0.59,59.0
r.DDX6,r.GBE1,58,100,0.58,58.0
r.PDIA6,p.PDIA6,58,100,0.58,58.0
r.ECSIT,p.ECSIT,57,100,0.57,57.0
r.PITPNA,p.PITPNA,57,100,0.57,57.0
AASS,FN1,56,100,0.56,56.0
AASS,NPTXR,56,100,0.56,56.0
r.ANPEP,p.ANPEP,56,100,0.56,56.0
r.CHCHD6,p.CHCHD6,56,100,0.56,56.0
r.GPHN,p.GPHN,56,100,0.56,56.0
r.GRIA2,p.GRIA2,56,100,0.56,56.0
r.SFXN3,p.SFXN3,56,100,0.56,56.0
r.YLPM1,p.YLPM1,56,100,0.56,56.0
p.PSMB5,p.PSMC6,55,100,0.55,55.0
p.RAB6A,p.RAB8B,55,100,0.55,55.0
r.HNRNPM,p.HNRNPM,55,100,0.55,55.0
r.PDE1A,p.PDE1A,55,100,0.55,55.0
AASS,MACF1,54,100,0.54,54.0
r.PLS3,p.PLS3,54,100,0.54,54.0
r.RAB33B,p.RAB33B,53,100,0.53,53.0
AASS,AP2A1,52,100,0.52,52.0
AASS,NRCAM,52,100,0.52,52.0
AASS,PLCB1,52,100,0.52,52.0
r.BAG2,r.DDX6,52,100,0.52,52.0
r.PRDX4,p.PRDX4,52,100,0.52,52.0
r.AGAP2,p.AGAP2,51,100,0.51,51.0
r.ARL2,p.ARL2,51,100,0.51,51.0
r.CPVL,p.CPVL,51,100,0.51,51.0
r.ELAVL2,p.ELAVL2,51,100,0.51,51.0
r.FGB,p.FGB,51,100,0.51,51.0
r.HSPB6,r.LSS,51,100,0.51,51.0
r.KIF3A,p.KIF3A,51,100,0.51,51.0
r.PDCD5,r.SAR1B,51,100,0.51,51.0
r.RTF1,p.RTF1,51,100,0.51,51.0
r.STX12,p.STX12,51,100,0.51,51.0
AASS,LAMA2,50,100,0.5,50.0
p.EEF2,p.RPS9,50,100,0.5,50.0
r.F3,r.PGM1,50,100,0.5,50.0
r.SRC,p.SRC,50,100,0.5,50.0
r.THNSL1,p.THNSL1,50,100,0.5,50.0
r.TUBA1C,p.TUBA1C,50,100,0.5,50.0
r.HSPG2,p.HSPG2,49,100,0.49,49.0
r.SEC14L2,p.SEC14L2,49,100,0.49,49.0
r.AGAP2,r.FGB,48,100,0.48,48.0
r.RAP2C,p.RAP2C,48,100,0.48,48.0
r.SAFB2,p.SAFB2,48,100,0.48,48.0
AASS,SMARCA2,47,100,0.47,47.0
p.RPS19,p.RPS2,47,100,0.47,47.0
r.ARMCX2,p.ARMCX2,47,100,0.47,47.0
r.MCM4,r.MCM7,47,100,0.47,47.0
r.NUDCD1,p.NUDCD1,47,100,0.47,47.0
AASS,CAST,46,100,0.46,46.0
MAPK8IP1,r.MAPK8IP1,46,100,0.46,46.0
r.EPB41L5,p.EPB41L5,46,100,0.46,46.0
r.SMU1,p.SMU1,46,100,0.46,46.0
WNK2,r.WNK2,45,100,0.45,45.0
r.CRYAB,p.CRYAB,45,100,0.45,45.0
AASS,PC,44,100,0.44,44.0
r.ARFGAP3,r.GBE1,44,100,0.44,44.0
r.FAH,r.GJA1,44,100,0.44,44.0
r.GBE1,p.GBE1,44,100,0.44,44.0
AASS,C3,43,100,0.43,43.0
r.HPCA,p.HPCA,43,100,0.43,43.0
AASS,TUBB2A,42,100,0.42,42.0
AASS,WDR26,42,100,0.42,42.0
r.ATP1A2,p.ATP1A2,42,100,0.42,42.0
r.EIF3B,r.SNX17,42,100,0.42,42.0
r.GLB1,p.GLB1,42,100,0.42,42.0
r.MCU,p.MCU,42,100,0.42,42.0
STAU2,r.STAU2,41,100,0.41,41.0
r.ESYT1,p.ESYT1,41,100,0.41,41.0
r.ETFA,p.ETFA,41,100,0.41,41.0
r.IRS2,p.IRS2,41,100,0.41,41.0
r.SCG2,p.SCG2,41,100,0.41,41.0
SAMD9L,r.SAMD9L,40,100,0.4,40.0
p.ATP5F1D,p.COX5A,40,100,0.4,40.0
r.COPS3,p.COPS3,40,100,0.4,40.0
r.GRB2,p.GRB2,40,100,0.4,40.0
r.HNRNPD,p.HNRNPD,40,100,0.4,40.0
r.NUP155,p.NUP155,40,100,0.4,40.0
AASS,CTNNB1,39,100,0.39,39.0
RHPN2,r.RHPN2,39,100,0.39,39.0
p.ATP5PO,p.COX5A,39,100,0.39,39.0
r.CCT5,p.CCT5,39,100,0.39,39.0
r.ELP3,p.ELP3,39,100,0.39,39.0
r.HMGCS1,p.HMGCS1,39,100,0.39,39.0
r.PTPMT1,p.PTPMT1,39,100,0.39,39.0
p.PCBP2,p.SF3B1,38,100,0.38,38.0
r.GATM,p.GATM,38,100,0.38,38.0
r.SERPINA6,p.SERPINA6,38,100,0.38,38.0
ASPHD1,r.ASPHD1,37,100,0.37,37.0
r.ASAH1,p.ASAH1,37,100,0.37,37.0
r.ATXN10,p.ATXN10,37,100,0.37,37.0
r.CAP1,p.CAP1,37,100,0.37,37.0
r.ELAVL1,p.ELAVL1,37,100,0.37,37.0
r.GAA,p.GAA,37,100,0.37,37.0
r.LDHA,p.LDHA,37,100,0.37,37.0
r.SEC31A,r.TM9SF4,37,100,0.37,37.0
ZNF208,r.ZNF208,36,100,0.36,36.0
r.PRCP,p.PRCP,36,100,0.36,36.0
PHLPP2,r.PHLPP2,35,100,0.35,35.0
r.LZTFL1,p.LZTFL1,35,100,0.35,35.0
r.POSTN,p.POSTN,35,100,0.35,35.0
r.TUBB3,p.TUBB3,35,100,0.35,35.0
p.RPLP1,p.RPS2,34,100,0.34,34.0
r.ARPP19,p.ARPP19,34,100,0.34,34.0
r.CC2D1A,p.CC2D1A,34,100,0.34,34.0
r.CISD1,p.CISD1,34,100,0.34,34.0
r.IPO8,p.IPO8,34,100,0.34,34.0
r.UGGT1,p.UGGT1,34,100,0.34,34.0
AASS,ATXN2L,33,100,0.33,33.0
ADARB2,r.ADARB2,33,100,0.33,33.0
CDK18,r.CDK18,33,100,0.33,33.0
PREX1,r.PREX1,33,100,0.33,33.0
r.CD163,p.CD163,33,100,0.33,33.0
r.COX7A2L,p.COX7A2L,33,100,0.33,33.0
r.CUL2,p.CUL2,33,100,0.33,33.0
r.PPFIA1,p.PPFIA1,33,100,0.33,33.0
r.SEC23IP,p.SEC23IP,33,100,0.33,33.0
p.RPS23,p.RPS28,32,100,0.32,32.0
r.BAG2,r.GBE1,32,100,0.32,32.0
r.NCL,p.NCL,32,100,0.32,32.0
r.PDAP1,p.PDAP1,32,100,0.32,32.0
r.RPRD1A,r.SUSD2,32,100,0.32,32.0
p.ATP5F1B,p.ATP6AP1,31,100,0.31,31.0
r.AIF1,p.AIF1,31,100,0.31,31.0
r.CUL4B,r.DNAJC8,31,100,0.31,31.0
r.DDX18,p.DDX18,31,100,0.31,31.0
r.RAB5B,r.RAB6B,31,100,0.31,31.0
r.SRP14,p.SRP14,31,100,0.31,31.0
r.STAMBP,r.STMN1,31,100,0.31,31.0
AASS,LIPE,30,100,0.3,30.0
r.CTNNA2,p.CTNNA2,30,100,0.3,30.0
r.FXR2,p.FXR2,30,100,0.3,30.0
r.TRAPPC2L,p.TRAPPC2L,30,100,0.3,30.0
AASS,BRAF,29,100,0.29,29.0
AASS,TGFBI,29,100,0.29,29.0
r.APRT,r.HADHA,29,100,0.29,29.0
r.BAG2,r.CKMT2,29,100,0.29,29.0
r.CCT8,p.CCT8,29,100,0.29,29.0
r.COPS6,r.UBE3A,29,100,0.29,29.0
r.JAM2,p.JAM2,29,100,0.29,29.0
r.CST3,p.CST3,28,100,0.28,28.0
r.CTNNB1,p.CTNNB1,28,100,0.28,28.0
r.DDX6,r.LSS,28,100,0.28,28.0
r.LEMD2,p.LEMD2,28,100,0.28,28.0
r.RAB3A,p.RAB3A,28,100,0.28,28.0
AASS,WDR7,27,100,0.27,27.0
ZC3H7B,r.ZC3H7B,27,100,0.27,27.0
p.ATP5PD,p.ATP6AP1,27,100,0.27,27.0
r.ARFGEF1,p.ARFGEF1,27,100,0.27,27.0
r.BPGM,p.BPGM,27,100,0.27,27.0
r.PGK1,p.PGK1,27,100,0.27,27.0
r.TKT,p.TKT,27,100,0.27,27.0
r.TMEM65,p.TMEM65,27,100,0.27,27.0
AASS,NEFH,26,100,0.26,26.0
RAP1GAP,r.RAP1GAP,26,100,0.26,26.0
r.APOB,r.EPDR1,26,100,0.26,26.0
r.SLC7A14,p.SLC7A14,26,100,0.26,26.0
r.FKBP5,p.FKBP5,25,100,0.25,25.0
r.GBE1,r.SLC9A6,25,100,0.25,25.0
r.NUP160,r.SMC3,25,100,0.25,25.0
r.PSMB3,p.PSMB3,25,100,0.25,25.0
p.ATP5F1D,p.ATP6AP1,24,100,0.24,24.0
r.AP1B1,p.AP1B1,24,100,0.24,24.0
r.CYB5B,p.CYB5B,24,100,0.24,24.0
r.DNAJA3,p.DNAJA3,24,100,0.24,24.0
r.PSMB4,p.PSMB4,24,100,0.24,24.0
PARD3B,r.PARD3B,23,100,0.23,23.0
SDK1,r.SDK1,23,100,0.23,23.0
p.ATP5PO,p.ATP6AP1,23,100,0.23,23.0
r.FLOT2,p.FLOT2,23,100,0.23,23.0
r.NSFL1C,p.NSFL1C,23,100,0.23,23.0
r.RAB2B,p.RAB2B,23,100,0.23,23.0
AASS,BSN,22,100,0.22,22.0
RBM23,r.RBM23,22,100,0.22,22.0
r.ARPC3,p.ARPC3,22,100,0.22,22.0
r.BAG2,r.LSS,22,100,0.22,22.0
r.CTNND2,p.CTNND2,22,100,0.22,22.0
r.GDI2,p.GDI2,22,100,0.22,22.0
r.HIP1,p.HIP1,22,100,0.22,22.0
AASS,PLCG1,21,100,0.21,21.0
DCLRE1A,r.DCLRE1A,21,100,0.21,21.0
p.ATP5PB,p.ATP6AP1,21,100,0.21,21.0
r.COQ9,p.COQ9,21,100,0.21,21.0
r.MAOB,p.MAOB,21,100,0.21,21.0
r.SERPINA1,p.SERPINA1,21,100,0.21,21.0
AASS,GSN,20,100,0.2,20.0
AASS,NF1,20,100,0.2,20.0
r.CKMT2,r.SLC9A6,20,100,0.2,20.0
r.HEBP2,p.HEBP2,20,100,0.2,20.0
r.TBCB,p.TBCB,20,100,0.2,20.0
r.TWF2,p.TWF2,20,100,0.2,20.0
AASS,COL6A2,19,100,0.19,19.0
r.AP1M1,p.AP1M1,19,100,0.19,19.0
r.C1QB,p.C1QB,19,100,0.19,19.0
r.CCT8,r.HSPE1,19,100,0.19,19.0
r.NIPSNAP3A,p.NIPSNAP3A,19,100,0.19,19.0
r.SNRPD1,r.SSB,19,100,0.19,19.0
AASS,VCAN,18,100,0.18,18.0
p.PSMB7,p.PSMD14,18,100,0.18,18.0
p.RPL19,p.RPS6,18,100,0.18,18.0
r.CANX,p.CANX,18,100,0.18,18.0
r.NAPRT,p.NAPRT,18,100,0.18,18.0
r.PRUNE2,p.PRUNE2,18,100,0.18,18.0
r.SPAST,p.SPAST,18,100,0.18,18.0
r.TERF2,p.TERF2,18,100,0.18,18.0
AASS,FLNB,17,100,0.17,17.0
AASS,IRS2,17,100,0.17,17.0
BYSL,r.BYSL,17,100,0.17,17.0
NSMF,r.NSMF,17,100,0.17,17.0
p.ATP5PB,p.COX5A,17,100,0.17,17.0
r.ABI2,r.ASF1A,17,100,0.17,17.0
r.ARF5,p.ARF5,17,100,0.17,17.0
r.CD2BP2,p.CD2BP2,17,100,0.17,17.0
r.EMC3,p.EMC3,17,100,0.17,17.0
r.F3,r.SPTAN1,17,100,0.17,17.0
r.LMAN2L,r.YLPM1,17,100,0.17,17.0
r.TAOK3,r.TBL2,17,100,0.17,17.0
AASS,INPP4A,16,100,0.16,16.0
AASS,PML,16,100,0.16,16.0
r.ADH5,p.ADH5,16,100,0.16,16.0
r.BAG2,r.HSPB6,16,100,0.16,16.0
r.SCPEP1,p.SCPEP1,16,100,0.16,16.0
r.UFC1,p.UFC1,16,100,0.16,16.0
r.WDR11,p.WDR11,16,100,0.16,16.0
AASS,METTL3,15,100,0.15,15.0
CFH,r.CFH,15,100,0.15,15.0
r.ACP1,p.ACP1,15,100,0.15,15.0
r.GNAI3,p.GNAI3,15,100,0.15,15.0
r.GSR,r.RAD50,15,100,0.15,15.0
r.HSPE1,p.HSPE1,15,100,0.15,15.0
r.PHGDH,p.PHGDH,15,100,0.15,15.0
r.PSMB1,p.PSMB1,15,100,0.15,15.0
CD302,r.CD302,14,100,0.14,14.0
p.ATP5F1C,p.ATP6AP1,14,100,0.14,14.0
r.AKT1,p.AKT1,14,100,0.14,14.0
r.CSDE1,p.CSDE1,14,100,0.14,14.0
r.LAMTOR2,p.LAMTOR2,14,100,0.14,14.0
r.PSMD2,p.PSMD2,14,100,0.14,14.0
AASS,NCKAP1,13,100,0.13,13.0
ATP8A1,r.ATP8A1,13,100,0.13,13.0
MANSC1,r.MANSC1,13,100,0.13,13.0
r.ATP6AP1,p.ATP6AP1,13,100,0.13,13.0
r.CCDC124,p.CCDC124,13,100,0.13,13.0
r.KPNB1,p.KPNB1,13,100,0.13,13.0
r.SEC24C,r.STAMBP,13,100,0.13,13.0
HHEX,r.HHEX,12,100,0.12,12.0
SLC44A2,r.SLC44A2,12,100,0.12,12.0
p.CYCS,p.UQCRFS1,12,100,0.12,12.0
p.NEDD4L,p.VPS37C,12,100,0.12,12.0
r.CYB5R1,p.CYB5R1,12,100,0.12,12.0
r.GSTZ1,p.GSTZ1,12,100,0.12,12.0
r.HNRNPK,p.HNRNPK,12,100,0.12,12.0
AASS,ARRB1,11,100,0.11,11.0
AASS,ITPR1,11,100,0.11,11.0
AASS,SPTAN1,11,100,0.11,11.0
ARHGAP12,r.ARHGAP12,11,100,0.11,11.0
EGFR,r.EGFR,11,100,0.11,11.0
TRIM56,r.TRIM56,11,100,0.11,11.0
r.APOB,r.KRT10,11,100,0.11,11.0
r.FBLL1,p.FBLL1,11,100,0.11,11.0
r.MAVS,p.MAVS,11,100,0.11,11.0
r.SLC44A1,p.SLC44A1,11,100,0.11,11.0
r.SRSF4,p.SRSF4,11,100,0.11,11.0
r.UBE2N,p.UBE2N,11,100,0.11,11.0
AASS,ANLN,10,100,0.1,10.0
AASS,EPN1,10,100,0.1,10.0
AKAP9,r.AKAP9,10,100,0.1,10.0
NTN3,r.NTN3,10,100,0.1,10.0
p.PSMD14,p.PSME2,10,100,0.1,10.0
r.ABCF3,p.ABCF3,10,100,0.1,10.0
r.ERMN,p.ERMN,10,100,0.1,10.0
r.MAN2C1,p.MAN2C1,10,100,0.1,10.0
r.RBM3,r.WDR13,10,100,0.1,10.0
r.SF3B1,p.SF3B1,10,100,0.1,10.0
r.SPATA5L1,p.SPATA5L1,10,100,0.1,10.0
AASS,FASN,9,100,0.09,9.0
AASS,RAP1GAP,9,100,0.09,9.0
r.GBE1,r.LSS,9,100,0.09,9.0
r.GBP1,r.RRAGA,9,100,0.09,9.0
r.NDE1,p.NDE1,9,100,0.09,9.0
r.SH3KBP1,p.SH3KBP1,9,100,0.09,9.0
AASS,DAB2IP,8,100,0.08,8.0
DHX36,r.DHX36,8,100,0.08,8.0
MAPK11,r.MAPK11,8,100,0.08,8.0
r.ARPC5L,p.ARPC5L,8,100,0.08,8.0
r.CSF1R,p.CSF1R,8,100,0.08,8.0
r.DCAKD,p.DCAKD,8,100,0.08,8.0
r.EPB42,p.EPB42,8,100,0.08,8.0
r.INPPL1,p.INPPL1,8,100,0.08,8.0
r.STOML2,p.STOML2,8,100,0.08,8.0
AASS,AHNAK,7,100,0.07,7.0
CBFA2T2,r.CBFA2T2,7,100,0.07,7.0
DHX29,r.DHX29,7,100,0.07,7.0
r.ACAA2,r.RAB21,7,100,0.07,7.0
r.APOA2,p.APOA2,7,100,0.07,7.0
r.ARMCX3,p.ARMCX3,7,100,0.07,7.0
r.CMPK2,p.CMPK2,7,100,0.07,7.0
r.HSD17B4,p.HSD17B4,7,100,0.07,7.0
r.KRT10,p.KRT10,7,100,0.07,7.0
r.LRG1,p.LRG1,7,100,0.07,7.0
r.PAFAH1B2,p.PAFAH1B2,7,100,0.07,7.0
r.RAP1B,p.RAP1B,7,100,0.07,7.0
AASS,GAK,6,100,0.06,6.0
AQP10,r.AQP10,6,100,0.06,6.0
TTC21A,r.TTC21A,6,100,0.06,6.0
UGT1A1,r.UGT1A1,6,100,0.06,6.0
p.ATP5PD,p.COX5A,6,100,0.06,6.0
r.AIMP2,r.RAB29,6,100,0.06,6.0
r.CLINT1,p.CLINT1,6,100,0.06,6.0
r.GSK3A,p.GSK3A,6,100,0.06,6.0
r.VAT1L,p.VAT1L,6,100,0.06,6.0
AASS,CACNA2D1,5,100,0.05,5.0
AASS,SLC12A2,5,100,0.05,5.0
p.HNRNPDL,p.HNRNPL,5,100,0.05,5.0
p.UBE2L3,p.UBE2V2,5,100,0.05,5.0
r.DYNLT3,p.DYNLT3,5,100,0.05,5.0
r.EGFR,p.EGFR,5,100,0.05,5.0
r.IMPA1,p.IMPA1,5,100,0.05,5.0
r.PGM1,r.SPTAN1,5,100,0.05,5.0
r.PLGRKT,p.PLGRKT,5,100,0.05,5.0
r.TAMM41,p.TAMM41,5,100,0.05,5.0
r.TMOD1,p.TMOD1,5,100,0.05,5.0
AASS,EGFR,4,100,0.04,4.0
AASS,KIF3B,4,100,0.04,4.0
SKOR2,r.SKOR2,4,100,0.04,4.0
VCAN,r.VCAN,4,100,0.04,4.0
r.CSNK2B,p.CSNK2B,4,100,0.04,4.0
r.HADH,r.PGM1,4,100,0.04,4.0
r.PGAM2,p.PGAM2,4,100,0.04,4.0
r.PRPS1,p.PRPS1,4,100,0.04,4.0
r.PTPRF,p.PTPRF,4,100,0.04,4.0
r.VPS26A,p.VPS26A,4,100,0.04,4.0
AASS,CPD,3,100,0.03,3.0
AASS,UPF1,3,100,0.03,3.0
AMBN,r.AMBN,3,100,0.03,3.0
SOX1,r.SOX1,3,100,0.03,3.0
r.AIMP2,r.RAB9B,3,100,0.03,3.0
r.APOA4,r.FGB,3,100,0.03,3.0
r.ARFGAP3,r.SLC9A6,3,100,0.03,3.0
r.CORO1C,p.CORO1C,3,100,0.03,3.0
r.DNPH1,p.DNPH1,3,100,0.03,3.0
r.HNRNPH2,p.HNRNPH2,3,100,0.03,3.0
r.PPM1F,p.PPM1F,3,100,0.03,3.0
r.RPL29,r.RPS18,3,100,0.03,3.0
r.SCD5,p.SCD5,3,100,0.03,3.0
r.SNX6,p.SNX6,3,100,0.03,3.0
r.XRCC6,p.XRCC6,3,100,0.03,3.0
r.YY1,p.YY1,3,100,0.03,3.0
r.ZYG11B,p.ZYG11B,3,100,0.03,3.0
AASS,MX1,2,100,0.02,2.0
AASS,PRKAR1B,2,100,0.02,2.0
AASS,USP7,2,100,0.02,2.0
ZAN,r.ZAN,2,100,0.02,2.0
r.AIFM1,p.AIFM1,2,100,0.02,2.0
r.ARPC1A,p.ARPC1A,2,100,0.02,2.0
r.BAG2,r.SLC9A6,2,100,0.02,2.0
r.CKMT2,r.LSS,2,100,0.02,2.0
r.FAM120C,p.FAM120C,2,100,0.02,2.0
r.GSS,p.GSS,2,100,0.02,2.0
r.HYPK,p.HYPK,2,100,0.02,2.0
r.NBAS,p.NBAS,2,100,0.02,2.0
r.NUTF2,p.NUTF2,2,100,0.02,2.0
r.PHB2,p.PHB2,2,100,0.02,2.0
r.TIMM50,p.TIMM50,2,100,0.02,2.0
r.WASL,p.WASL,2,100,0.02,2.0
AASS,ANK1,1,100,0.01,1.0
AASS,CIT,1,100,0.01,1.0
AASS,DOCK5,1,100,0.01,1.0
AASS,GMPR,1,100,0.01,1.0
AASS,HDGF,1,100,0.01,1.0
AASS,PPFIA3,1,100,0.01,1.0
AASS,SNX27,1,100,0.01,1.0
AASS,SYMPK,1,100,0.01,1.0
GOLGA3,r.GOLGA3,1,100,0.01,1.0
JPH1,r.JPH1,1,100,0.01,1.0
PARP4,r.PARP4,1,100,0.01,1.0
RSPH6A,r.RSPH6A,1,100,0.01,1.0
SUPT5H,r.SUPT5H,1,100,0.01,1.0
TBC1D1,r.TBC1D1,1,100,0.01,1.0
TSHZ2,r.TSHZ2,1,100,0.01,1.0
USP7,r.USP7,1,100,0.01,1.0
WDR63,r.WDR63,1,100,0.01,1.0
p.ELOC,p.NEDD4L,1,100,0.01,1.0
r.AASS,p.AASS,1,100,0.01,1.0
r.AGL,p.AGL,1,100,0.01,1.0
r.AP1S1,p.AP1S1,1,100,0.01,1.0
r.BAG2,p.BAG2,1,100,0.01,1.0
r.CSTF1,p.CSTF1,1,100,0.01,1.0
r.DHRS1,p.DHRS1,1,100,0.01,1.0
r.DLD,p.DLD,1,100,0.01,1.0
r.GSTM4,p.GSTM4,1,100,0.01,1.0
r.NMT1,p.NMT1,1,100,0.01,1.0
