rna_id,pro_id
3233,2662
2015,1649
2696,2187
4293,3536
2964,2427
1301,1071
3531,2913
1528,1248
2077,1696
4230,3487
2268,1854
403,333
2488,2030
627,519
4253,3507
397,327
2525,2058
170,134
832,678
2460,2012
2815,2288
3575,2948
1106,900
1577,1291
3712,3062
3649,3005
683,555
2842,2316
1771,1467
268,212
2010,1645
3177,2615
2735,2224
2207,1796
4309,3545
850,696
3014,2471
3780,3125
3641,2997
2115,1727
2895,2364
902,740
3957,3269
709,577
137,105
3959,3271
3280,2703
1765,1461
3275,2698
987,811
1444,1175
1741,1437
2950,2413
2704,2195
2371,1932
4033,3325
140,108
1544,1263
4131,3402
3419,2828
2536,2069
1889,1565
1289,1063
2683,2174
351,284
498,416
3565,2941
2628,2141
332,267
920,757
4072,3348
801,646
1708,1410
3488,2889
2557,2088
1848,1529
3196,2633
1476,1206
922,759
2752,2241
18,11
2390,1951
3260,2683
3572,2946
611,505
4296,3537
3432,2838
1410,1153
3778,3123
4329,3549
4152,3418
1082,880
2739,2228
2556,2087
3815,3154
124,93
2689,2180
1302,1072
3560,2937
4002,3305
2858,2331
872,712
2764,2250
1260,1036
1031,845
1408,1151
2737,2226
4037,3328
2684,2175
3765,3111
4112,3385
880,720
3047,2499
578,481
1107,901
2535,2068
4009,3310
1619,1328
909,747
3825,3162
2670,2164
2955,2418
4121,3394
3052,2505
3663,3019
311,248
1465,1194
3278,2701
3774,3118
1672,1376
2251,1835
653,537
3735,3085
4208,3468
2605,2119
962,788
1070,868
4203,3463
513,425
2265,1851
1365,1119
823,669
1211,994
2075,1694
844,690
1054,864
1206,989
1400,1147
843,689
3733,3083
3945,3260
4078,3354
4143,3414
855,700
890,729
152,118
563,469
3039,2492
3157,2599
575,478
693,565
1863,1542
2779,2260
3691,3043
1297,1068
3070,2519
4001,3304
2263,1847
554,460
4376,3551
47,35
132,101
1017,833
2625,2138
854,699
1050,862
153,119
434,359
1852,1533
1133,920
3689,3041
1156,939
1614,1323
3662,3018
2803,2277
2886,2355
1933,1584
2534,2067
3486,2887
2186,1779
4097,3372
1435,1166
1866,1545
238,183
1575,1289
1213,996
2734,2223
3953,3266
845,691
3629,2985
187,151
604,498
3559,2936
2167,1764
1566,1281
3134,2579
17,10
2108,1720
774,631
3444,2850
1707,1409
3929,3247
2551,2082
3336,2758
184,148
1316,1084
2496,2037
1964,1602
3293,2716
4116,3389
2810,2283
3180,2618
662,543
1743,1439
3494,2895
3943,3258
4272,3517
317,251
2990,2447
3803,3145
1280,1056
1319,1086
1554,1272
1962,1600
2757,2244
2379,1940
4198,3459
256,201
3804,3146
1200,983
3160,2602
3878,3205
2640,2147
4258,3511
3204,2640
1791,1487
3274,2697
3553,2931
39,29
245,190
3171,2611
4273,3518
228,173
1037,850
2019,1652
942,776
3126,2571
3831,3168
3186,2623
3523,2908
732,597
2436,1993
1599,1309
3931,3249
903,741
911,749
1356,1112
3701,3050
613,506
3385,2800
3577,2950
196,156
2654,2159
952,780
1451,1182
2743,2232
3940,3256
3082,2530
3269,2692
482,403
2688,2179
3365,2782
2048,1675
3542,2921
289,231
409,338
466,389
512,424
1374,1126
808,653
1646,1356
77,64
177,141
1991,1626
2857,2330
3391,2806
4167,3431
1308,1077
3368,2785
894,733
914,752
2638,2146
2765,2251
2962,2425
594,490
1342,1101
1923,1581
1514,1237
3707,3056
1840,1524
4034,3326
2152,1751
3090,2536
3371,2788
285,227
3912,3231
904,742
1285,1059
1333,1095
2616,2129
2023,1655
1947,1594
2374,1935
2724,2213
2472,2020
3516,2907
3415,2824
2193,1784
338,272
615,508
2879,2349
1643,1353
3416,2825
1094,890
1129,918
4301,3539
3279,2702
1820,1509
286,228
3951,3264
2201,1790
1136,923
1499,1227
2430,1987
748,611
1756,1452
2591,2110
84,71
2846,2319
2927,2394
345,279
853,698
1105,899
2153,1752
2925,2392
3581,2953
2140,1744
2474,2021
37,27
553,459
803,648
2523,2056
577,480
580,483
1880,1558
2175,1771
3709,3058
280,224
1367,1121
2541,2072
3298,2721
3474,2875
4081,3357
2397,1958
405,334
3001,2458
3903,3222
3670,3026
1715,1417
3202,2638
3793,3137
3049,2501
2578,2104
1269,1046
1041,854
1471,1200
135,103
524,435
1276,1053
1613,1322
3962,3274
698,570
780,635
2082,1700
2698,2189
4096,3371
3747,3095
3508,2903
4135,3406
3310,2733
2681,2172
956,782
2726,2215
1984,1619
2260,1844
3562,2938
65,53
362,291
1557,1275
1959,1597
1197,980
3006,2463
139,107
4123,3396
4013,3314
400,330
950,778
1618,1327
2795,2272
3845,3180
355,286
2217,1802
1182,965
1711,1413
4153,3419
2919,2387
2714,2205
1767,1463
126,95
1521,1242
2025,1656
2644,2150
3239,2667
3051,2504
1437,1168
3862,3193
3921,3240
4022,3319
4094,3369
940,774
4311,3546
2929,2396
1478,1208
2533,2066
1624,1333
3696,3046
1654,1360
2839,2313
2478,2023
2656,2161
389,320
136,104
2645,2151
2509,2045
2530,2063
3971,3280
1917,1577
1571,1285
776,632
744,608
2577,2103
3176,2614
2599,2114
3619,2976
4015,3315
2934,2400
3152,2594
2198,1787
4114,3387
2611,2124
3556,2934
2204,1793
592,488
1985,1620
2838,2312
3900,3220
4235,3493
4245,3503
4191,3452
1263,1039
1496,1224
1513,1236
1911,1574
3156,2598
3255,2679
1399,1146
303,243
3759,3105
3284,2707
4061,3342
1330,1094
1029,844
1608,1316
4233,3492
2126,1733
3319,2742
3139,2585
370,297
544,451
689,561
3465,2869
3168,2610
1172,955
733,598
3213,2646
3669,3025
357,288
982,806
2179,1775
2733,2222
3207,2642
2002,1636
3296,2719
3995,3298
2500,2040
4228,3485
1705,1407
2470,2018
711,579
1303,1073
3771,3115
4133,3404
4126,3398
2370,1931
204,161
3061,2513
3183,2620
1385,1135
1042,855
2768,2254
1481,1211
3367,2784
2003,1638
2775,2258
4300,3538
523,434
342,276
1204,987
297,239
4056,3339
1582,1296
1995,1629
186,150
609,503
3422,2829
3162,2604
3867,3198
1788,1484
3008,2465
2650,2155
1251,1031
966,792
3303,2726
2953,2416
2621,2134
1380,1131
4221,3480
692,564
3843,3178
1835,1519
2918,2386
643,531
892,731
3937,3254
2412,1972
407,336
2220,1805
1198,981
1209,992
22,14
2135,1739
2794,2271
83,70
3327,2750
3647,3003
646,534
2012,1647
606,500
2820,2292
2528,2061
2362,1926
179,143
1508,1232
2766,2252
2492,2034
3914,3233
1727,1428
3916,3235
596,491
1731,1432
2356,1921
3543,2922
3698,3047
1237,1020
1274,1051
4142,3413
2013,1648
3065,2514
921,758
1706,1408
59,47
1990,1625
3330,2753
1396,1143
2761,2248
893,732
4005,3308
1925,1582
1020,836
3849,3184
4202,3462
3225,2656
4165,3429
4209,3469
237,182
2168,1765
2224,1809
848,694
1717,1419
2570,2098
2728,2217
457,383
315,249
864,706
171,135
4172,3435
3399,2813
1590,1302
293,236
2529,2062
4075,3351
951,779
3908,3226
1832,1516
298,240
1682,1387
3994,3297
1288,1062
1411,1154
2403,1964
1188,971
1872,1551
3650,3006
3799,3141
3776,3121
4110,3383
2949,2412
2041,1671
4055,3338
3323,2746
665,546
2565,2094
2674,2168
3390,2805
2202,1791
2117,1729
2297,1874
3400,2814
2110,1722
1199,982
2038,1669
2705,2196
244,189
2602,2116
1179,962
2344,1908
2342,1906
3609,2967
1307,1076
3922,3241
3818,3155
3321,2744
1786,1482
1140,926
2722,2211
3550,2929
4283,3527
3440,2846
495,413
2036,1667
1409,1152
1792,1488
2165,1762
4210,3471
2862,2335
1495,1223
1811,1500
2339,1903
3005,2462
2908,2376
2817,2290
1440,1171
3050,2503
1518,1239
1562,1279
4231,3488
3142,2587
4181,3442
2680,2171
543,450
1762,1458
1822,1511
765,625
3359,2779
1469,1198
3214,2647
2912,2380
3209,2643
833,679
3442,2848
3450,2855
70,58
1192,975
3622,2979
1360,1115
2572,2099
710,578
2729,2218
3988,3293
777,633
993,817
3855,3189
56,44
1754,1450
491,409
1647,1357
1384,1134
233,178
430,355
1346,1105
3250,2676
90,77
4255,3508
1231,1015
1712,1414
2900,2368
50,38
2332,1896
1023,838
2138,1742
2742,2231
669,550
54,42
799,644
174,138
4250,3505
1130,919
3086,2534
598,492
1187,970
281,225
57,45
2708,2199
2392,1953
2587,2106
1721,1423
240,185
2834,2309
4275,3520
1777,1473
1047,859
4220,3479
445,369
809,654
1294,1066
283,226
1697,1400
2188,1781
2686,2177
2870,2340
3377,2793
211,165
176,140
1634,1343
1859,1539
2090,1708
3915,3234
452,376
3353,2772
2881,2351
48,36
46,34
3686,3037
1024,839
527,437
2200,1789
3836,3173
1004,827
3924,3242
4251,3506
1101,896
23,15
168,132
2078,1697
1224,1009
1003,826
3017,2474
1779,1475
3272,2695
2321,1891
1097,893
1683,1388
953,781
318,252
3366,2783
2970,2432
1691,1394
2009,1644
1404,1149
1529,1249
3285,2708
3729,3079
3563,2939
1234,1017
4010,3311
1679,1384
3479,2880
2823,2295
4182,3443
633,524
3224,2655
3700,3049
1805,1497
2956,2419
3344,2764
690,562
2700,2191
3041,2494
180,144
3229,2660
395,325
1670,1375
120,90
263,207
2259,1843
1311,1080
3676,3032
2785,2266
3120,2565
2229,1814
2249,1833
3848,3183
1628,1337
1937,1586
2852,2325
3623,2980
64,52
1585,1297
2702,2193
923,760
275,219
782,636
1164,948
3084,2532
134,102
2325,1893
146,113
555,461
820,665
2076,1695
2184,1777
610,504
1821,1510
2274,1860
2995,2452
3028,2484
2712,2203
110,80
1998,1632
2568,2096
1190,973
1860,1540
636,526
806,651
1983,1618
1503,1229
190,154
859,702
2350,1915
3896,3216
2620,2133
2710,2201
475,397
465,388
1534,1253
1987,1622
1686,1391
2718,2209
1143,929
421,346
2875,2345
2440,1997
4004,3307
2137,1741
1645,1355
3857,3190
2780,2261
2205,1794
2457,2009
813,658
4049,3333
3762,3108
899,738
2269,1855
3067,2515
74,61
1072,870
1772,1468
1921,1579
2206,1795
3329,2752
830,676
3643,2999
1687,1392
1533,1252
797,643
3289,2712
188,152
4188,3449
2413,1974
3096,2542
1340,1099
1525,1246
248,193
1940,1588
1780,1476
493,411
1459,1188
1376,1128
3877,3204
1005,828
2561,2090
3570,2945
1466,1195
3850,3185
3133,2578
3884,3207
4017,3317
3730,3080
3179,2617
852,697
539,448
2247,1830
4292,3535
2789,2270
3350,2769
2569,2097
3384,2799
2291,1871
2475,2022
1660,1368
2355,1920
1592,1304
2261,1845
1504,1230
1083,881
2617,2130
3355,2774
2031,1662
1015,831
1963,1601
4068,3344
502,420
1816,1505
3478,2879
2601,2115
69,57
1168,952
3997,3300
3145,2589
3782,3127
1485,1215
2481,2025
2067,1688
257,202
3632,2988
3398,2812
470,393
166,130
3946,3261
1171,954
3249,2675
3354,2773
2130,1737
907,745
3081,2528
4184,3445
1051,863
1483,1212
3292,2715
3706,3055
1207,990
3826,3163
2018,1651
4183,3444
889,728
138,106
3457,2862
4289,3532
2910,2378
1650,1358
795,641
326,260
3678,3033
1453,1183
1291,1065
863,705
2427,1984
3645,3001
2223,1808
699,571
3637,2993
3895,3215
1891,1567
645,533
869,710
3021,2478
3007,2464
3248,2674
2157,1755
3631,2987
4069,3345
763,623
4377,3552
356,287
2189,1782
3548,2927
4201,3461
3621,2978
3634,2990
2450,2005
4122,3395
1939,1587
815,660
3095,2541
3027,2483
3184,2621
3332,2755
2352,1917
929,765
3397,2811
394,324
1936,1585
82,69
1768,1464
1766,1462
1982,1617
3114,2559
2026,1657
501,419
1596,1306
568,472
3578,2951
2648,2153
2316,1888
85,72
3291,2714
155,121
1676,1381
4053,3337
2262,1846
999,822
1153,936
1883,1561
1709,1411
1217,1001
1296,1067
2967,2430
2441,1998
2580,2105
3461,2865
3220,2651
741,605
4277,3522
2958,2421
3418,2827
714,582
2778,2259
4127,3399
1250,1030
4166,3430
2836,2310
3273,2696
4149,3416
2966,2429
2813,2286
1552,1270
720,587
3439,2845
731,596
2313,1885
2435,1992
883,723
3102,2548
725,590
2590,2109
4194,3455
2749,2238
1870,1549
3106,2552
2856,2329
328,262
144,111
2553,2084
1744,1440
111,81
3583,2954
3801,3143
87,74
3430,2836
2555,2086
1714,1416
1876,1555
2871,2341
112,82
433,358
3069,2517
2853,2326
716,584
1194,977
2296,1873
3425,2832
978,802
2651,2156
1637,1347
3906,3224
3098,2544
1170,953
3394,2808
766,626
3356,2776
1290,1064
3091,2537
1678,1383
2972,2433
1100,895
1638,1348
487,406
937,771
2598,2113
530,439
456,382
3264,2687
2218,1803
3840,3176
1510,1234
2526,2059
115,87
3526,2911
3234,2663
3781,3126
3100,2546
4226,3484
603,497
2538,2071
3642,2998
1261,1037
3165,2607
2219,1804
480,401
76,63
2781,2262
1632,1341
3263,2686
2,2
88,75
3620,2977
2996,2453
156,122
879,719
2279,1864
1524,1245
1692,1395
406,335
3282,2705
1941,1589
985,809
1113,907
1581,1295
1447,1178
2543,2074
2623,2136
157,123
2281,1865
4035,3327
1463,1192
227,172
2434,1991
1675,1380
1389,1139
1745,1441
4164,3428
390,321
718,586
992,816
3313,2736
3334,2756
453,377
3241,2668
472,395
3048,2500
3381,2796
1165,949
2821,2293
2242,1825
3731,3081
3144,2588
4052,3336
376,299
1801,1495
4163,3427
3984,3291
1915,1576
1875,1554
704,573
2593,2112
333,268
2965,2428
3796,3139
3568,2943
2841,2315
3110,2556
3424,2831
740,604
1268,1044
3463,2867
3674,3030
264,208
2254,1838
4077,3353
1488,1218
2400,1961
2575,2101
1189,972
3247,2673
1657,1364
1609,1317
2086,1704
2832,2307
3814,3153
323,257
41,31
1186,969
2155,1753
3594,2961
216,168
258,203
1225,1010
1974,1608
1996,1630
437,362
2232,1816
1048,860
2084,1702
426,351
3750,3098
3979,3286
4011,3312
4040,3331
1538,1257
147,114
3326,2749
1018,834
1446,1177
2326,1894
811,656
2222,1807
3338,2759
401,331
3108,2554
1813,1502
538,447
2845,2318
1134,921
3893,3214
3651,3007
739,603
2172,1769
2924,2391
984,808
1379,1130
935,769
1616,1325
2348,1914
1992,1627
1202,985
1174,957
588,485
3792,3136
4082,3358
3675,3031
3189,2626
3954,3267
4278,3523
973,797
2806,2279
392,322
3270,2693
262,206
650,536
1560,1278
547,454
3286,2709
1373,1125
3417,2826
3456,2861
1948,1595
2361,1925
2377,1938
3433,2839
2507,2044
3158,2600
3386,2801
812,657
1536,1255
529,438
2266,1852
2498,2039
158,124
325,259
1722,1424
2054,1679
3401,2815
828,674
2408,1968
2608,2122
3266,2689
4089,3364
3607,2966
517,428
3597,2962
2980,2440
3466,2870
1458,1187
377,300
279,223
2840,2314
2420,1979
387,310
3498,2898
2926,2393
2614,2127
310,247
3541,2920
4205,3465
2655,2160
980,804
4050,3334
2228,1813
1851,1532
1578,1292
492,410
847,693
622,515
2959,2422
3958,3270
2169,1766
2622,2135
415,341
2304,1879
38,28
2518,2053
3824,3161
247,192
230,175
802,647
3993,3296
78,65
3876,3203
143,110
545,452
58,46
1644,1354
1747,1443
2784,2265
2725,2214
2276,1862
2993,2450
694,566
3434,2840
2889,2358
3807,3149
4138,3408
1621,1330
3013,2470
3879,3206
429,354
1135,922
447,371
1757,1453
3118,2563
1625,1334
2887,2356
1674,1379
1734,1434
1487,1217
255,200
4219,3478
3287,2710
276,220
3375,2792
172,136
1443,1174
468,391
1879,1557
2066,1687
2270,1856
3438,2844
1084,882
3892,3213
428,353
531,440
1270,1047
3243,2669
1787,1483
89,76
881,721
2160,1758
62,50
4141,3412
2035,1665
1038,851
2264,1850
2732,2221
1388,1138
175,139
535,444
1059,866
1218,1002
3094,2540
3935,3252
2547,2078
515,426
1520,1241
3015,2472
1857,1537
3783,3128
1729,1430
1703,1405
2000,1634
2324,1892
2429,1986
1480,1210
4107,3380
3446,2852
2234,1818
3324,2747
3579,2952
2007,1642
365,292
1558,1276
9,6
1305,1075
271,214
2634,2144
2837,2311
724,589
1864,1543
3791,3135
3311,2734
621,514
3199,2636
2811,2284
3256,2680
3837,3174
736,600
1026,841
4003,3306
2939,2405
927,764
2760,2247
3687,3038
3129,2574
241,186
1556,1274
1794,1490
2336,1900
3499,2899
3395,2809
866,708
2527,2060
913,751
1778,1474
1117,911
3525,2910
873,713
1976,1612
2490,2032
3640,2996
2382,1943
3784,3129
2071,1692
1981,1616
4101,3374
2404,1965
1555,1273
3809,3151
316,250
706,574
916,754
1839,1523
656,539
3217,2648
2804,2278
2619,2132
2464,2015
2396,1957
1685,1390
3611,2969
3369,2786
1001,824
438,363
1472,1201
113,83
1074,872
494,412
368,295
4170,3434
2439,1996
1025,840
2044,1673
1138,924
3155,2597
4186,3447
3302,2725
932,766
1542,1261
3288,2711
2606,2120
3666,3022
3722,3073
479,400
1969,1607
3460,2864
3443,2849
252,197
3999,3302
3970,3279
435,360
1886,1563
753,615
3294,2717
1473,1203
1733,1433
2844,2317
2940,2406
234,179
684,556
3163,2605
3483,2884
1391,1141
1248,1028
346,280
770,628
1847,1528
1176,959
2769,2255
4225,3483
910,748
686,558
1147,933
272,216
3854,3188
178,142
3265,2688
3093,2539
2976,2437
3072,2520
2818,2291
3760,3106
1484,1213
3500,2900
1636,1346
4179,3441
2104,1717
1661,1369
3720,3070
3245,2671
499,417
4074,3350
2088,1706
1769,1465
2566,2095
3948,3262
4177,3439
897,736
2166,1763
2257,1841
4240,3498
886,725
796,642
876,716
2116,1728
1640,1350
755,616
2273,1859
3057,2509
3932,3250
3705,3054
835,681
1635,1344
783,637
2975,2435
3964,3276
1175,958
2312,1884
3436,2842
4211,3472
442,367
3835,3172
3746,3094
3598,2963
742,606
2378,1939
4195,3456
117,89
1607,1315
1812,1501
2695,2186
2252,1836
2256,1840
2658,2162
3592,2959
3952,3265
3340,2761
163,128
1158,942
1239,1022
1310,1079
4222,3481
1988,1623
939,773
556,462
1892,1569
3271,2694
3851,3186
2917,2385
3664,3020
2225,1810
1232,1016
2129,1736
4129,3400
625,518
2418,1978
2652,2157
3383,2798
60,48
1966,1604
1098,894
1595,1305
2699,2190
3314,2737
1873,1552
1343,1102
1965,1603
1688,1393
1336,1096
2589,2108
1287,1061
1366,1120
33,23
3445,2851
2709,2200
4124,3397
2592,2111
3462,2866
687,559
3996,3299
14,8
663,544
2245,1828
3345,2765
383,306
970,795
1033,847
2341,1905
3200,2637
450,374
3146,2590
2080,1698
2876,2346
3728,3078
71,59
2851,2324
1540,1259
2445,2002
2626,2139
891,730
3941,3257
2027,1658
4108,3381
3308,2731
1993,1628
2814,2287
3117,2562
1177,960
3790,3134
1929,1583
2290,1870
2928,2395
4213,3474
348,281
239,184
1436,1167
1833,1517
3569,2944
3832,3169
1759,1455
3740,3090
810,655
416,342
600,494
3135,2580
614,507
3482,2883
3382,2797
3536,2917
32,22
1728,1429
4145,3415
2999,2456
3150,2592
464,387
3800,3142
3131,2576
2933,2399
3630,2986
1546,1264
3745,3093
2740,2229
2997,2454
3299,2722
1362,1117
3485,2886
673,551
976,800
3736,3086
1522,1243
3842,3177
967,793
2124,1731
292,234
2161,1759
68,56
53,41
3342,2763
1238,1021
3692,3044
2050,1677
2692,2183
2253,1837
1178,961
4016,3316
3038,2491
2406,1967
2884,2354
2300,1876
1383,1133
2673,2167
3258,2682
4102,3375
4280,3524
16,9
1844,1526
2386,1947
4111,3384
189,153
2164,1761
2880,2350
2373,1934
1355,1111
1139,925
3998,3301
1455,1185
2812,2285
1201,984
549,456
1782,1478
2796,2273
888,727
3869,3200
1118,912
1704,1406
2738,2227
127,96
3346,2766
3827,3164
2758,2245
1600,1310
874,714
938,772
552,458
1092,888
1530,1250
1559,1277
2505,2042
3455,2860
4178,3440
3379,2795
3138,2584
1665,1372
2736,2225
520,431
3524,2909
3316,2739
2381,1942
825,671
1086,884
965,791
1999,1633
3410,2823
232,177
1093,889
4093,3368
366,293
2978,2438
734,599
1751,1447
3680,3035
2359,1924
1601,1311
1032,846
519,430
2987,2444
393,323
3489,2890
619,512
3016,2473
3178,2616
986,810
490,408
2860,2333
3429,2835
3703,3052
3711,3061
2424,1982
2992,2449
2989,2446
1617,1326
2532,2065
1462,1191
3123,2568
3532,2914
1798,1492
2045,1674
3757,3103
2697,2188
3938,3255
3858,3191
3636,2992
4268,3513
3652,3008
236,181
193,155
4084,3360
2615,2128
620,513
898,737
2897,2366
3212,2645
4039,3330
1322,1089
522,433
901,739
3092,2538
1104,898
814,659
1658,1365
2021,1653
1091,887
75,62
1845,1527
3011,2468
3132,2577
784,638
21,13
2745,2234
1395,1142
1874,1553
3029,2485
3307,2730
2100,1715
1783,1479
3742,3091
3481,2882
1507,1231
3936,3253
145,112
1684,1389
2333,1897
3389,2804
2801,2275
1228,1013
3612,2970
997,820
3228,2658
3723,3074
1623,1332
3761,3107
2677,2170
574,477
1405,1150
3926,3244
2216,1801
2833,2308
278,222
3727,3077
1961,1599
2089,1707
3396,2810
2731,2220
3181,2619
924,761
1273,1050
3025,2482
1824,1513
67,55
114,86
3648,3004
2395,1956
1095,891
2727,2216
884,724
1858,1538
3087,2535
1185,968
341,275
1115,909
431,356
1195,978
3752,3100
223,169
2564,2092
2936,2402
3431,2837
4270,3515
369,296
882,722
3615,2973
4176,3438
4090,3365
623,516
2444,2001
1681,1386
1256,1034
2393,1954
1275,1052
4207,3467
382,305
2351,1916
3000,2457
3644,3000
3910,3229
589,486
1377,1129
2178,1774
743,607
1127,916
2706,2197
1457,1186
3046,2498
1247,1027
2501,2041
3068,2516
2375,1936
2847,2320
587,484
2243,1826
3513,2905
1060,867
990,814
1370,1123
254,199
912,750
963,789
2353,1918
3822,3159
497,415
2399,1960
3188,2625
181,145
1339,1098
703,572
478,399
1543,1262
3748,3096
3913,3232
3198,2635
2185,1778
3721,3071
1421,1159
1259,1035
3773,3117
2338,1902
4073,3349
1803,1496
2057,1681
3121,2566
3268,2691
548,455
131,100
2148,1749
49,37
2318,1889
2485,2027
1445,1176
214,167
1853,1534
2506,2043
1161,945
1474,1204
1589,1301
4315,3547
2493,2035
3221,2652
3056,2508
4098,3373
4120,3393
3739,3089
2825,2297
3584,2955
3977,3284
2431,1988
2576,2102
474,396
2629,2142
3614,2972
1814,1503
339,273
2913,2381
804,649
3024,2481
1489,1219
2713,2204
4025,3322
4267,3512
1763,1459
4139,3410
3137,2583
3428,2834
826,672
1968,1606
3975,3282
3300,2723
1579,1293
3019,2476
209,163
1997,1631
3487,2888
2944,2409
3295,2718
3037,2490
2909,2377
243,188
1167,951
2398,1959
1461,1190
3423,2830
3501,2901
4174,3436
4140,3411
721,588
1114,908
1382,1132
4059,3341
3306,2729
2433,1990
4162,3426
1737,1436
1162,946
2187,1780
440,365
2227,1812
3794,3138
3863,3194
2671,2165
3890,3211
4306,3542
616,509
791,640
3564,2940
3624,2981
3586,2956
2921,2388
2524,2057
3593,2960
695,567
231,176
2358,1923
557,463
2952,2415
2095,1711
590,487
1438,1169
1944,1592
2114,1726
2052,1678
3261,2684
2550,2081
2544,2075
2388,1949
1523,1244
4,3
2402,1963
3127,2572
979,803
2872,2342
1320,1087
2347,1913
3982,3289
4130,3401
212,166
3312,2735
3672,3028
2111,1723
1890,1566
1724,1426
2546,2077
2711,2202
1240,1023
3058,2510
532,441
856,701
1897,1571
1449,1180
3986,3292
518,429
4271,3516
1699,1401
417,343
1372,1124
1800,1494
2787,2268
481,402
169,133
819,664
2244,1827
2459,2011
321,255
1580,1294
1700,1402
2888,2357
1633,1342
4104,3377
2109,1721
2937,2403
2588,2107
3154,2596
3716,3066
1397,1144
3963,3275
760,620
1111,905
1321,1088
3708,3057
4079,3355
2337,1901
2707,2198
3866,3197
2816,2289
2807,2280
3911,3230
949,777
3806,3148
3407,2821
2809,2282
761,621
4175,3437
602,496
235,180
2083,1701
559,466
981,805
516,427
933,767
2132,1738
729,594
1849,1530
1348,1106
1324,1091
4189,3450
3859,3192
629,521
1793,1489
1975,1609
988,812
697,569
63,51
1475,1205
1826,1515
769,627
2456,2008
3435,2841
1834,1518
3764,3110
3933,3251
1825,1514
2147,1748
4378,3553
1314,1082
3153,2595
1027,842
1568,1283
2139,1743
1264,1040
1627,1336
1415,1157
2059,1683
691,563
2446,2003
3392,2807
4087,3362
3610,2968
319,253
4051,3335
762,622
3053,2506
4239,3497
1610,1319
3788,3132
3223,2654
3328,2751
1526,1247
304,244
537,446
3009,2466
2867,2337
2827,2302
2469,2017
229,174
4088,3363
1040,853
2006,1641
3694,3045
4206,3466
1871,1550
2911,2379
2890,2359
335,270
2238,1821
3136,2581
2865,2336
1898,1572
3496,2896
3927,3245
1464,1193
3950,3263
2203,1792
1836,1520
1085,883
1219,1003
102,78
1770,1466
1502,1228
4322,3548
2988,2445
3756,3102
877,717
3373,2790
1073,871
329,263
1509,1233
2489,2031
2306,1881
745,609
2049,1676
2314,1886
1823,1512
3315,2738
3497,2897
2405,1966
1550,1268
2513,2049
2848,2321
441,366
3635,2991
834,680
2973,2434
1837,1521
3554,2932
1775,1471
906,744
829,675
2425,1983
4113,3386
3968,3278
3702,3051
2383,1944
4282,3526
3919,3239
29,19
1112,906
1236,1019
941,775
2069,1690
1597,1307
2721,2210
887,726
3325,2748
3464,2868
1265,1041
261,205
1718,1420
3613,2971
1212,995
972,796
1667,1374
3166,2608
2869,2339
2177,1773
958,784
2512,2048
51,39
505,423
4204,3464
210,164
821,667
1808,1499
3124,2569
3844,3179
4023,3320
4117,3390
1312,1081
4012,3313
1565,1280
749,612
837,683
1080,878
2437,1994
4187,3448
2906,2374
3097,2543
1726,1427
1173,956
3889,3210
2106,1719
2039,1670
2960,2423
3262,2685
3060,2512
129,98
1352,1108
1403,1148
2669,2163
385,308
1243,1025
86,73
3140,2586
1943,1591
2143,1747
1855,1536
2401,1962
2357,1922
2899,2367
1735,1435
225,171
657,540
1252,1032
1309,1078
1537,1256
116,88
3847,3182
818,663
1398,1145
3492,2893
4105,3378
3360,2780
2741,2230
2363,1927
267,211
3426,2833
3003,2460
3907,3225
2340,1904
3339,2760
3688,3040
3719,3069
1967,1605
3032,2488
1642,1352
599,493
727,592
4168,3432
1865,1544
1357,1113
2676,2169
1454,1184
1426,1161
1626,1335
2549,2080
3452,2857
336,271
3467,2871
1315,1083
977,801
2916,2384
3281,2704
3372,2789
354,285
1868,1547
1345,1104
4134,3405
2385,1946
2495,2036
2767,2253
3477,2878
500,418
4157,3421
249,194
3402,2816
2873,2343
1235,1018
3194,2631
1588,1300
772,629
2462,2014
1460,1189
926,763
3646,3002
2829,2304
550,457
42,32
410,339
570,473
846,692
917,755
994,818
1126,915
3758,3104
1761,1457
2410,1970
3909,3227
2935,2401
1191,974
182,146
2287,1867
2486,2028
2087,1705
3852,3187
396,326
822,668
1752,1448
3218,2649
1603,1312
344,278
3276,2699
2854,2327
1,1
995,819
3161,2603
3812,3152
3387,2802
2497,2038
562,468
200,158
2682,2173
2239,1822
2915,2383
4223,3482
3653,3009
1417,1158
477,398
2029,1660
2750,2239
340,274
842,688
628,520
3710,3060
103,79
3772,3116
2311,1883
3819,3156
1149,934
875,715
1157,940
1742,1438
2892,2361
3714,3064
4103,3376
1807,1498
2891,2360
3821,3158
2136,1740
3533,2915
674,552
3490,2891
4241,3499
1773,1469
2641,2148
4169,3433
185,149
1120,914
1441,1172
1492,1221
183,147
2868,2338
4161,3425
330,265
443,368
486,405
2998,2455
1491,1220
378,301
868,709
959,785
1655,1361
3075,2523
79,66
73,60
123,92
3763,3109
1155,938
384,307
4095,3370
3737,3087
3244,2670
3828,3165
1576,1290
2894,2363
125,94
3891,3212
1144,930
3031,2487
1036,849
2064,1685
3203,2639
1598,1308
1797,1491
3320,2743
251,196
1663,1371
2878,2348
4269,3514
2788,2269
4024,3321
3502,2902
1677,1382
572,475
2685,2176
3769,3114
1154,937
265,209
45,33
601,495
3079,2526
3453,2858
2449,2004
1116,910
730,595
31,21
3190,2627
3512,2904
3732,3082
4083,3359
1789,1485
2521,2055
3549,2928
4018,3318
3538,2919
4290,3533
295,238
1077,875
2861,2334
807,652
1141,927
2747,2236
1216,1000
1369,1122
1286,1060
1079,877
324,258
3786,3130
2627,2140
3738,3088
4158,3422
269,213
667,548
4092,3367
3829,3166
1922,1580
2320,1890
2763,2249
1281,1057
4137,3407
3290,2713
3191,2628
647,535
2904,2372
3305,2728
1716,1418
2618,2131
3044,2496
61,49
1479,1209
3665,3021
3639,2995
3185,2622
4274,3519
2213,1799
2307,1882
1323,1090
462,386
2874,2344
3236,2664
4212,3473
2380,1941
1227,1012
773,630
2128,1735
3980,3287
3944,3259
1764,1460
2691,2182
151,117
3589,2957
1541,1260
1887,1564
4302,3540
1145,931
173,137
322,256
1512,1235
3555,2933
2176,1772
2979,2439
3871,3202
2376,1937
2267,1853
1056,865
685,557
964,790
4027,3323
3493,2894
1467,1196
1350,1107
1953,1596
2233,1817
4281,3525
1450,1181
3655,3012
4118,3391
2991,2448
3566,2942
1867,1546
3870,3201
3704,3053
3103,2549
2346,1910
2028,1659
3627,2983
4288,3531
367,294
469,392
5,4
3868,3199
4242,3500
4199,3460
1776,1472
3116,2561
2942,2408
3341,2762
1749,1445
2830,2305
638,528
660,541
2717,2208
3991,3294
432,357
3659,3016
841,687
451,375
2855,2328
1920,1578
3125,2570
203,160
790,639
2471,2019
4243,3501
896,735
4091,3366
2345,1909
3808,3150
688,560
1222,1005
3626,2982
4193,3454
2432,1989
3573,2947
2554,2085
3633,2989
618,511
1673,1377
3119,2564
800,645
4185,3446
2901,2369
408,337
4070,3346
4115,3388
624,517
1493,1222
4008,3309
640,529
1271,1048
2211,1798
349,282
1078,876
2121,1730
3537,2918
1262,1038
3388,2803
2195,1786
1434,1165
1799,1493
399,329
3725,3076
35,25
1221,1004
485,404
1229,1014
1497,1225
55,43
1277,1054
3358,2778
3717,3067
634,525
2607,2121
661,542
708,576
1622,1331
989,813
1016,832
3798,3140
895,734
1486,1216
250,195
4374,3550
3668,3024
1430,1163
3576,2949
1344,1103
3304,2727
3887,3209
2017,1650
3965,3277
4285,3528
630,522
2226,1811
644,532
617,510
1694,1397
861,704
838,684
142,109
1075,873
1978,1614
2255,1839
2748,2237
4086,3361
1424,1160
2159,1757
1720,1422
991,815
2723,2212
3713,3063
1159,943
1656,1362
561,467
3403,2817
2062,1684
3128,2573
2467,2016
4303,3541
2560,2089
1448,1179
934,768
738,602
2301,1877
707,575
675,553
1386,1136
1946,1593
3805,3147
1354,1110
2455,2007
1569,1284
2221,1806
3657,3014
3679,3034
573,476
1203,986
1215,998
2786,2267
1353,1109
2822,2294
4237,3495
1361,1116
3277,2700
764,624
3370,2787
969,794
3237,2665
1011,830
4109,3382
1680,1385
1755,1451
3820,3157
3364,2781
849,695
320,254
1163,947
2537,2070
2305,1880
2930,2397
2303,1878
878,718
2968,2431
3899,3219
3174,2613
905,743
1861,1541
3099,2545
3898,3218
871,711
3918,3237
1882,1560
455,381
1719,1421
1850,1531
2961,2424
3317,2740
1299,1069
2384,1945
2032,1663
3865,3196
2690,2181
52,40
1242,1024
2753,2243
3628,2984
4132,3403
1549,1267
423,348
865,707
1914,1575
1000,823
201,159
81,68
277,221
380,303
3654,3011
2574,2100
1044,857
1659,1367
1612,1321
3073,2521
327,261
546,453
936,770
2782,2263
2055,1680
3331,2754
4080,3356
1109,903
2609,2123
2030,1661
726,591
449,373
3961,3273
1817,1506
1081,879
2299,1875
2562,2091
1838,1522
2730,2219
3441,2847
1006,829
960,786
302,242
224,170
2411,1971
3690,3042
3901,3221
1128,917
1442,1173
3030,2486
2241,1824
3930,3248
2421,1980
274,218
1611,1320
2289,1869
1414,1156
2068,1689
2877,2347
2443,1999
2941,2407
2171,1768
1028,843
3749,3097
2604,2118
4041,3332
1573,1287
2125,1732
3173,2612
3374,2791
2001,1635
30,20
2150,1750
2246,1829
1087,885
4057,3340
696,568
1090,886
752,614
3724,3075
3459,2863
2416,1976
350,283
642,530
165,129
607,501
2716,2207
2369,1930
713,581
12,7
2070,1691
1819,1508
836,682
3252,2678
3667,3023
1701,1403
1253,1033
1249,1029
2236,1820
2387,1948
824,670
4244,3502
728,593
2902,2370
2482,2026
2194,1785
3101,2547
3779,3124
805,650
2058,1682
840,686
2703,2194
2954,2417
3022,2479
668,549
3802,3144
36,26
3246,2672
666,547
1103,897
1096,892
2105,1718
3348,2767
712,580
3830,3167
167,131
1630,1339
28,18
3083,2531
294,237
3036,2489
1166,950
3546,2925
3130,2575
20,12
504,422
2272,1858
3638,2994
1785,1481
3981,3288
1325,1092
2423,1981
1548,1266
4192,3453
2368,1929
3149,2591
425,350
2774,2257
1980,1615
1002,825
266,210
148,115
381,304
422,347
1110,904
2515,2051
1615,1324
3251,2677
632,523
2907,2375
3018,2475
2409,1969
3718,3068
3744,3092
558,464
3151,2593
1049,861
860,703
2163,1760
1244,1026
2824,2296
398,328
593,489
540,449
2158,1756
2199,1788
3193,2630
246,191
1531,1251
746,610
2142,1746
3699,3048
1214,997
3210,2644
2800,2274
3437,2843
489,407
2394,1955
2931,2398
3960,3272
925,762
2156,1754
2277,1863
2282,1866
2113,1725
576,479
2802,2276
526,436
448,372
291,233
2923,2390
3475,2876
1160,944
1790,1486
2903,2371
1884,1562
2517,2052
3109,2555
3454,2859
2208,1797
1337,1097
4232,3491
1181,964
4286,3529
1881,1559
1631,1340
4065,3343
1781,1477
3834,3171
1539,1258
3734,3084
2081,1699
160,126
3222,2653
1035,848
1986,1621
3557,2935
4000,3303
2214,1800
3528,2912
273,217
3020,2477
3113,2558
1119,913
1071,869
2647,2152
3349,2768
1774,1470
3544,2923
1710,1412
1266,1042
579,482
2173,1770
678,554
1515,1238
2632,2143
1942,1590
759,619
1553,1271
1468,1197
915,753
1758,1454
2637,2145
1760,1456
2951,2414
307,245
2258,1842
2922,2389
1184,967
388,311
3978,3285
2008,1643
1639,1349
3283,2706
4256,3509
3309,2732
130,99
1713,1415
3754,3101
3897,3217
420,344
779,634
3618,2975
1196,979
149,116
2004,1639
2612,2125
2938,2404
1696,1399
1267,1043
3775,3119
908,746
2746,2235
2112,1724
2552,2083
454,380
379,302
386,309
2097,1713
2271,1857
2250,1834
1272,1049
2315,1887
3080,2527
503,421
751,613
1439,1170
2022,1654
2859,2332
3010,2467
1519,1240
1428,1162
1046,858
2037,1668
3484,2885
3322,2745
817,662
3833,3170
3917,3236
2461,2013
4155,3420
2065,1686
2451,2006
1498,1226
1730,1431
0,0
1977,1613
758,618
1363,1118
1841,1525
974,798
2826,2301
3992,3295
4308,3544
839,685
80,67
373,298
2096,1712
1477,1207
2545,2076
2715,2206
4276,3521
1223,1008
25,17
1651,1359
242,187
2248,1831
3476,2877
2542,2073
2759,2246
2334,1898
288,230
2603,2117
2744,2233
3077,2524
3777,3122
3671,3027
3159,2601
4248,3504
334,269
4291,3534
1183,966
4215,3477
34,24
439,364
128,97
1076,874
1284,1058
4076,3352
737,601
2335,1899
2093,1710
1606,1314
3715,3065
198,157
2042,1672
3059,2511
4119,3392
24,16
2389,1950
2099,1714
2883,2353
3787,3131
533,442
2947,2411
1108,902
3864,3195
3297,2720
3219,2650
1854,1535
1387,1137
1753,1449
1317,1085
564,470
605,499
3195,2632
3599,2964
1662,1370
3409,2822
654,538
2770,2256
816,661
3318,2741
756,617
1586,1298
2230,1815
4106,3379
2033,1664
2458,2010
3002,2459
3105,2551
3768,3113
1193,976
154,120
2510,2046
3226,2657
3685,3036
424,349
2240,1823
290,232
998,821
460,384
3925,3243
2491,2033
2531,2064
3473,2874
2945,2410
3534,2916
3767,3112
534,443
343,277
1666,1373
1784,1480
3230,2661
2649,2154
162,127
2514,2050
664,545
3974,3281
446,370
4236,3494
3206,2641
1693,1396
2687,2178
3904,3223
402,332
2293,1872
3661,3017
2487,2029
3187,2624
3238,2666
3351,2770
360,290
1329,1093
2092,1709
4196,3457
2170,1767
2751,2240
3107,2553
3656,3013
4214,3475
427,352
359,289
1605,1313
3012,2469
1695,1398
4159,3423
3055,2507
3547,2926
3023,2480
471,394
4038,3329
983,807
1641,1351
4071,3347
1900,1573
1142,928
2520,2054
3104,2550
3928,3246
3603,2965
4160,3424
2896,2365
1574,1288
957,783
1818,1507
2672,2166
521,432
4307,3543
2415,1975
2981,2441
3112,2557
2613,2126
2994,2451
3885,3208
3405,2819
1341,1100
2624,2137
3074,2522
2085,1703
2905,2373
2127,1734
3257,2681
4032,3324
1470,1199
1587,1299
467,390
461,385
2428,1985
4287,3530
1208,991
1620,1329
411,340
1433,1164
2190,1783
3823,3160
3404,2818
2986,2443
7,5
2480,2024
2511,2047
3469,2873
3976,3283
4257,3510
159,125
2694,2185
3551,2930
1960,1598
3122,2567
3846,3181
301,241
3335,2757
1390,1140
2963,2426
975,799
2354,1919
2327,1895
1226,1011
205,162
1572,1286
608,502
3004,2461
3839,3175
2343,1907
1535,1254
2882,2352
2914,2382
831,677
2011,1646
3751,3099
2391,1952
2693,2184
4150,3417
827,673
1205,988
2783,2264
2850,2323
1039,852
1021,837
331,266
3451,2856
637,527
436,361
1551,1269
3045,2497
3378,2794
3197,2634
715,583
1746,1442
2828,2303
1412,1155
3042,2495
1989,1624
3956,3268
2985,2442
1878,1556
3192,2629
1304,1074
1750,1446
1358,1114
2072,1693
1146,932
1748,1444
2364,1928
2808,2281
2849,2322
2957,2420
3491,2892
2893,2362
3167,2609
2438,1995
2548,2079
918,756
1210,993
1300,1070
3301,2724
1723,1425
3040,2493
717,585
2701,2192
3789,3133
3480,2881
66,54
287,229
4238,3496
536,445
3357,2777
2372,1933
253,198
3406,2820
3115,2560
566,471
1547,1265
1152,935
1815,1504
1043,856
496,414
2288,1868
2005,1640
2275,1861
3267,2690
961,787
4190,3451
3673,3029
3468,2872
3616,2974
3078,2525
1567,1282
2141,1745
40,30
2417,1977
2831,2306
4229,3486
3590,2958
1869,1548
3658,3015
309,246
1591,1303
3545,2924
1375,1127
2653,2158
1702,1404
3164,2606
4197,3458
1180,963
