dna_id,rna1_id
950,3813
585,2213
480,1910
1038,4128
607,2307
757,2874
10,26
884,3531
624,2331
342,1335
783,3028
969,3882
476,1906
65,219
105,403
296,1121
992,3972
372,1425
818,3211
199,754
224,794
457,1860
399,1577
518,1983
549,2102
194,722
500,1945
807,3148
975,3896
1134,4360
346,1347
269,1030
738,2796
434,1782
392,1534
94,358
183,682
279,1061
691,2610
845,3408
422,1704
1079,4284
331,1295
171,655
1091,4314
635,2419
190,709
679,2581
314,1230
789,3054
812,3175
8,15
98,364
993,3973
1015,4033
155,586
26,100
158,597
942,3785
941,3770
1048,4171
1124,4350
1045,4154
929,3704
526,2024
640,2447
521,1999
257,996
855,3448
891,3565
573,2180
1120,4346
46,161
222,792
482,1912
534,2047
1,5
938,3753
962,3868
87,313
108,412
226,797
181,680
542,2074
967,3880
1044,4151
431,1751
242,930
712,2667
650,2476
31,107
488,1924
106,404
270,1032
750,2830
1000,3990
464,1885
787,3043
1109,4335
114,444
1061,4234
726,2756
160,619
1121,4347
1135,4361
319,1254
125,490
933,3711
1105,4331
491,1928
309,1169
838,3361
220,790
597,2285
444,1810
583,2210
465,1888
172,658
532,2045
1126,4352
782,3026
35,119
558,2120
719,2697
161,626
801,3111
1074,4263
716,2678
479,1909
36,121
355,1392
382,1494
917,3652
1010,4026
1127,4353
79,296
223,793
263,1013
295,1107
56,206
469,1896
561,2131
1112,4338
1138,4364
1035,4099
217,787
475,1905
632,2414
771,2955
1012,4029
641,2448
276,1055
187,701
354,1381
788,3052
453,1843
629,2366
671,2558
539,2061
921,3677
389,1517
454,1845
989,3966
214,784
688,2597
133,513
584,2212
926,3693
547,2098
341,1334
193,719
186,700
145,565
313,1229
894,3574
623,2330
57,207
5,11
307,1151
416,1668
417,1669
273,1045
77,282
440,1804
144,563
318,1246
231,858
483,1913
557,2119
369,1420
566,2145
676,2573
239,907
806,3147
822,3228
827,3235
868,3506
456,1856
1022,4047
1071,4260
931,3706
265,1016
421,1698
524,2018
1031,4066
387,1511
149,571
729,2772
892,3567
1047,4156
203,768
740,2798
347,1349
1136,4362
795,3066
587,2216
310,1178
885,3535
30,106
43,142
638,2427
925,3684
93,353
166,641
773,2969
376,1432
338,1328
452,1842
1020,4045
502,1950
413,1656
661,2502
666,2519
569,2151
1027,4062
745,2805
837,3352
412,1653
339,1331
979,3905
1125,4351
85,308
409,1648
340,1332
229,851
380,1482
1140,4366
332,1298
588,2221
538,2060
853,3444
233,867
390,1527
259,1008
437,1795
493,1930
586,2215
69,223
418,1671
701,2646
841,3376
1017,4042
49,191
533,2046
330,1293
385,1505
241,928
321,1257
517,1982
748,2810
735,2791
709,2664
386,1506
130,510
727,2762
268,1022
147,568
408,1629
702,2648
614,2316
275,1053
490,1927
946,3803
52,195
243,931
371,1423
619,2322
563,2134
34,118
189,705
463,1883
1068,4254
737,2793
379,1457
22,96
234,870
430,1740
739,2797
879,3521
458,1861
703,2657
976,3898
235,871
523,2016
1049,4173
530,2043
303,1137
1069,4258
1090,4313
768,2946
426,1732
752,2836
785,3034
856,3449
628,2365
648,2468
63,217
494,1931
72,245
753,2843
832,3259
960,3860
949,3811
515,1979
611,2313
356,1393
1070,4259
18,92
1130,4356
294,1102
842,3380
848,3413
1072,4261
899,3587
1089,4312
251,954
351,1368
522,2014
281,1063
525,2020
349,1359
895,3577
407,1612
394,1545
363,1407
608,2308
391,1532
182,681
689,2600
850,3420
238,900
690,2609
1058,4224
854,3447
991,3969
819,3215
602,2294
288,1081
605,2299
713,2668
119,466
520,1994
132,512
255,971
1110,4336
484,1916
124,488
1093,4317
529,2040
965,3874
292,1099
913,3614
715,2675
732,2776
245,944
546,2094
519,1991
644,2454
905,3600
630,2367
1009,4025
1019,4044
1102,4327
139,542
449,1829
576,2183
427,1736
165,639
599,2289
510,1968
765,2932
0,3
327,1282
654,2483
115,456
312,1220
59,209
73,259
455,1846
724,2754
994,3975
101,374
329,1292
344,1342
211,781
860,3472
794,3064
141,551
403,1594
1011,4028
774,2971
102,375
896,3580
308,1162
883,3530
167,648
829,3242
396,1563
616,2319
6,12
378,1456
714,2671
67,221
1086,4304
1144,4370
146,567
559,2122
756,2866
604,2298
548,2101
499,1941
936,3743
562,2133
221,791
353,1378
655,2484
90,338
707,2662
874,3515
367,1418
934,3726
927,3695
609,2309
865,3503
300,1125
948,3810
411,1652
1095,4319
575,2182
804,3143
626,2358
1085,4301
317,1245
374,1429
406,1604
1119,4345
900,3588
180,679
578,2191
131,511
554,2114
792,3062
924,3683
503,1951
513,1972
1139,4365
368,1419
897,3582
348,1351
496,1934
284,1066
150,581
96,361
47,164
401,1584
593,2278
649,2473
755,2864
916,3625
958,3853
1057,4218
261,1010
1084,4299
447,1827
553,2111
219,789
55,202
148,569
582,2209
636,2422
990,3967
663,2504
861,3474
870,3509
876,3518
944,3796
1053,4200
791,3058
871,3510
195,723
535,2051
169,651
324,1268
429,1739
1028,4063
835,3343
178,676
32,108
620,2323
725,2755
516,1980
997,3986
277,1057
866,3504
397,1564
118,463
677,2578
315,1233
163,632
498,1938
589,2231
902,3594
922,3681
980,3920
41,135
937,3750
560,2123
50,192
1056,4217
358,1397
507,1956
988,3962
210,780
836,3347
266,1018
298,1123
685,2594
966,3875
290,1089
672,2559
684,2586
747,2807
592,2260
306,1150
137,528
29,105
705,2660
886,3539
1036,4100
764,2931
142,559
1025,4058
1103,4328
20,94
512,1971
1003,4013
81,300
514,1973
665,2516
700,2643
996,3985
1081,4295
1117,4343
1063,4246
743,2802
920,3675
814,3189
761,2903
746,2806
76,270
232,862
527,2025
544,2091
185,697
511,1970
446,1826
337,1327
204,769
91,347
1137,4363
282,1064
1030,4065
1080,4294
384,1501
445,1825
939,3755
1087,4305
567,2146
956,3838
808,3158
668,2539
658,2494
287,1069
1042,4147
659,2498
1106,4332
272,1035
833,3333
652,2478
207,775
254,968
322,1258
693,2630
260,1009
1051,4180
1123,4349
736,2792
1107,4333
415,1664
508,1957
882,3529
1018,4043
485,1917
945,3797
1104,4330
249,948
1024,4054
1062,4239
83,305
881,3527
467,1894
754,2863
581,2197
86,312
470,1899
248,947
959,3856
1052,4191
323,1263
784,3033
1077,4266
780,2983
1142,4368
851,3421
64,218
481,1911
625,2349
154,585
662,2503
674,2567
704,2659
852,3427
305,1148
44,143
907,3602
686,2595
42,141
120,473
877,3519
889,3558
646,2465
598,2286
420,1690
209,779
240,919
643,2453
271,1034
1007,4020
1076,4265
1115,4341
952,3817
439,1802
299,1124
487,1919
113,429
742,2801
839,3362
151,582
766,2938
80,299
184,689
867,3505
19,93
68,222
763,2920
1129,4355
730,2773
591,2237
3,8
297,1122
509,1958
103,379
78,284
667,2522
377,1452
104,391
612,2314
831,3254
423,1705
1060,4228
191,711
48,172
111,418
613,2315
1032,4067
405,1602
152,583
1065,4249
1132,4358
477,1907
1046,4155
198,750
1116,4342
471,1901
631,2407
775,2973
731,2775
466,1893
682,2584
24,98
112,419
961,3861
506,1955
21,95
289,1088
302,1132
906,3601
887,3540
1145,4371
890,3561
797,3076
670,2547
218,788
435,1788
478,1908
1021,4046
23,97
375,1431
912,3613
285,1067
201,757
760,2898
770,2953
1075,4264
637,2426
468,1895
489,1926
14,51
89,337
1100,4325
110,414
474,1904
97,363
600,2292
651,2477
320,1255
122,483
1008,4021
1083,4298
1094,4318
336,1326
128,508
228,837
696,2635
127,507
334,1313
366,1416
796,3071
621,2328
153,584
811,3172
278,1058
977,3902
1054,4215
1033,4076
564,2135
1149,4379
694,2631
333,1306
129,509
639,2442
973,3889
1108,4334
164,635
974,3894
596,2284
442,1806
71,226
840,3363
594,2280
1059,4227
39,129
864,3495
880,3522
28,104
645,2463
695,2633
316,1241
459,1862
361,1403
1039,4136
11,27
362,1406
610,2310
802,3140
857,3458
830,3253
995,3983
432,1778
414,1662
657,2490
1016,4036
1128,4354
675,2571
70,225
126,506
528,2034
425,1725
400,1583
972,3888
947,3809
280,1062
1082,4297
781,2984
957,3841
311,1193
1040,4144
744,2804
733,2777
826,3232
809,3169
410,1649
395,1561
1101,4326
1133,4359
1055,4216
424,1717
13,44
590,2235
776,2974
1004,4014
84,306
846,3411
136,525
728,2771
815,3201
1111,4337
1114,4340
904,3596
683,2585
247,946
504,1952
531,2044
803,3141
935,3741
923,3682
53,197
1001,4006
1122,4348
824,3230
37,122
858,3470
174,664
461,1872
462,1877
606,2302
968,3881
978,3904
601,2293
51,194
580,2196
7,13
656,2487
919,3661
328,1283
825,3231
678,2579
196,735
460,1865
908,3604
326,1279
173,659
799,3088
987,3955
813,3182
4,10
1113,4339
722,2720
1073,4262
215,785
95,360
664,2508
545,2092
555,2117
1034,4085
552,2110
762,2916
205,770
236,885
820,3216
505,1954
177,672
99,371
244,943
790,3055
1147,4373
227,798
741,2799
1037,4125
953,3818
451,1831
767,2943
304,1140
381,1490
862,3477
615,2317
1097,4321
903,3595
777,2976
364,1409
267,1019
40,133
495,1932
176,671
253,957
834,3337
568,2149
352,1371
135,521
140,550
653,2479
170,652
540,2063
680,2582
107,410
1078,4279
45,150
798,3085
633,2415
58,208
208,778
383,1500
692,2613
264,1014
419,1689
660,2499
849,3414
971,3886
708,2663
1050,4177
873,3514
1043,4148
225,796
398,1570
758,2885
981,3923
1041,4146
301,1131
256,995
915,3622
200,755
878,3520
698,2639
911,3608
541,2073
473,1903
721,2719
779,2982
970,3883
999,3989
168,649
930,3705
246,945
627,2360
213,783
954,3823
134,514
893,3571
844,3404
769,2948
536,2053
872,3511
810,3170
345,1346
17,91
898,3585
932,3710
283,1065
681,2583
718,2694
843,3393
350,1364
816,3205
82,301
1002,4007
501,1949
786,3035
365,1413
772,2963
711,2666
710,2665
673,2563
1014,4031
428,1738
1066,4250
982,3934
100,372
909,3605
793,3063
1096,4320
117,459
951,3816
109,413
33,109
720,2708
2,6
1064,4247
252,955
388,1516
123,484
556,2118
197,747
1092,4316
438,1796
1098,4323
749,2819
537,2056
61,213
159,612
116,458
162,631
175,670
274,1052
574,2181
577,2188
875,3517
983,3939
60,211
16,73
940,3766
734,2790
647,2466
88,314
699,2642
192,715
286,1068
642,2452
888,3552
543,2079
202,767
443,1809
778,2977
821,3227
66,220
359,1401
759,2894
38,125
914,3617
157,595
1141,4367
404,1598
1118,4344
402,1593
450,1830
828,3240
1006,4019
188,702
54,199
805,3146
963,3872
293,1101
62,215
1026,4060
998,3987
869,3507
393,1540
551,2107
433,1779
579,2192
237,891
565,2144
618,2321
1023,4048
291,1097
343,1338
335,1318
570,2154
603,2295
250,953
572,2174
863,3480
943,3795
492,1929
1013,4030
27,101
436,1789
486,1918
1005,4018
497,1935
121,476
1131,4357
9,19
571,2162
859,3471
986,3949
74,260
441,1805
706,2661
918,3660
964,3873
751,2835
370,1422
723,2747
216,786
823,3229
258,1007
179,677
817,3208
448,1828
928,3697
230,857
1099,4324
25,99
12,43
75,269
138,541
206,771
373,1427
472,1902
143,560
622,2329
669,2540
800,3089
955,3829
985,3947
634,2417
617,2320
262,1012
687,2596
92,352
156,591
847,3412
1088,4310
15,72
360,1402
1143,4369
325,1278
550,2103
212,782
1148,4375
1146,4372
357,1394
697,2636
717,2679
984,3942
901,3591
910,3606
1029,4064
595,2283
1067,4252
