,RNA_PC1,RNA_PC2,Protein_PC1,Protein_PC2,Mutation_PC1,Mutation_PC2
P_1319772,-0.6404896740521258,-1.1637442741663087,0.5666472372247976,0.2754112772484034,-0.1993491969183321,0.2621734435188384
P_2048135,2.3034654830770167,0.6154794850249774,1.273951021592796,-1.2056579433301151,1.001086564691464,0.068414036027568
P_2257527,-0.22925383284218792,-0.013647635895034585,-0.3824648772818568,0.19509155726993618,-0.07478166427412004,-1.0936046518334788
P_2457628,0.7155624960752422,-0.9695232437854211,0.547842619995684,-1.104419926352154,-0.2263718774799959,0.4608134696026469
P_2650121,1.0367004829571171,-0.4772793784232005,0.5746639830392397,0.771548453042565,0.5911266111144382,-1.2265661268875834
P_2931164,0.41582895575527107,0.6147739998781498,-0.5332600787957482,-0.9662418205528844,0.09832993667837416,0.6053471665849632
P_2954677,1.7018326202974068,0.6206165373384228,0.5145523579413703,-0.253807537924666,0.9008849207404283,-1.6107750224401167
P_3314767,0.5062846716100413,0.4934636440592897,0.08454696635837794,0.36794158507881103,0.14600351270695447,-0.43959764560347603
P_3315909,1.2860819118187257,-0.5558769174862823,0.789214274855735,0.6328126917515694,1.1573243284315429,0.69190294204658
P_3319346,-0.7165200543996078,-1.6767789494641665,-0.765544811020499,0.43827418577247074,0.009331999276885935,1.0570993764352101
P_3323161,0.22480472491440287,-1.1035389339278439,-0.4263065186729038,-1.305257687567935,-0.0482735691143374,0.200170166188362
P_3324610,0.30835188900039817,0.017194503392531146,-0.013092350653570685,-0.44879104733792763,0.43932062278256845,1.5274745000407235
P_3326132,-0.6186737767676356,-0.6768117539658238,1.080337864226008,0.39046430638292917,0.25423123247548973,-0.20014819152026087
P_3346004,0.13141135243575383,-0.5662953204876191,0.7146744166538663,1.0178659264164671,-0.23330950503295592,-1.8094158556173108
P_3350346,-1.0010141625314273,0.4384907310550237,-0.03787692717050218,1.3791131558011978,-1.425536918416028,2.0962106404404706
P_3357194,0.918997272006912,-0.19713403831968113,0.4696487048005161,0.5431026351843959,-0.16235665211828149,-1.837280650120208
P_3358439,-0.6542805189711067,1.3295030195201338,-0.7247145007293061,-0.10657245930699887,-1.6153739928749982,1.5439674737551878
P_3363425,-0.9759983587318869,-0.6064948330504607,0.0914435074215136,0.8104565295745466,-0.20140645132950932,-0.3468962324763813
P_3365070,1.8917737214222168,-0.6068284629413403,2.016387234012238,-0.5507325235290866,0.5640004738374945,0.4336340935032653
P_3367008,-1.1384464618304828,1.167201968908351,-1.184336330240668,0.41094409022951295,-1.2873138876123755,1.7546981230193555
P_3369277,-1.3744375229167463,0.6536448328778429,0.07872478756704251,0.7272309671583191,-1.2336321797786278,1.4091833362734336
P_3371401,-0.32501585429556223,0.24436000436504995,-0.7518755899603139,0.8349328916257447,0.1492200262786013,-0.10398993612445862
P_3379869,0.030743529501878898,-0.33372674312057415,-0.30131918701823973,1.039530953550436,-1.2351488418843677,-1.0009614368144228
P_3383560,-0.8580220667231178,-0.3074753511936864,0.16696762564521642,0.9745334125223627,1.1535152549767391,-0.12776013238146108
P_3384440,-1.0556492863125178,-0.2984099191010159,-1.5103936113915366,0.49488206137034785,-1.8310452363854284,0.00422417496100499
P_3387242,-0.17934784536078774,0.9830036633034667,-0.6819423439344203,-1.4187025949856726,-0.8001975258170441,-1.1567398681837011
P_3393117,-1.769825342376665,0.7092053234085447,-0.24510486065198175,0.30076144238221725,0.6297250579177387,1.0777637078173306
P_3393642,1.7224782201065825,-0.8258490038821595,1.083921472642811,-0.43387319767444293,0.1523961399687134,-2.208426814073738
P_3397416,-1.2878559595031562,1.3944675927211132,0.38529185451700754,0.636516701390212,-1.2217308515583678,2.5264048850323646
P_3427823,-0.6355174548091764,0.08718651944758285,0.9037181728175773,0.32166230942300666,0.2061780765194964,-0.562447215174571
P_3432269,0.25521734776083443,-0.8818488533906925,0.4659430943345061,1.3092788734771459,0.017498863111212157,-1.1579722511383157
P_3435016,-0.10929942091949107,-1.2887807946869014,0.5150487624844104,-0.13994960353100416,-0.17423723101033384,0.5664966168914599
P_3459001,-1.2678878152093134,-0.009632257946524298,0.011145879370518393,-0.020855814754447272,-1.2169524931109106,-2.4809826403041444
P_3464605,-0.01986469610704145,-0.25778831135952174,0.7946064675219043,-0.7414993694145288,-0.5388698852458289,-1.8096586887077146
P_3469758,1.821506017207882,-0.34879762729545344,0.745970555594338,-0.7607592206764876,0.5884400047239823,-1.5562850090465046
P_3470562,0.023741260074229234,-0.9318224260800796,-0.028767162699932302,-0.2883337590555894,0.7368999646526468,-1.258365412690827
P_3475747,-0.11982674996770262,-0.6502847510251621,0.14240514067337917,0.436778137877431,0.4008559318436798,0.19385907980232697
P_3476949,-0.7143592816603812,0.23888142972400322,-0.6237888680885221,0.4543687472261632,-1.8059173599847567,1.1062920890944845
P_3477006,-1.3967564567755566,-1.1504659323411266,-1.9149794581094413,-0.26716916830029813,-0.21429549746837467,-0.9977102780508713
P_3479484,-0.4646363316278792,-0.10616721100788687,-0.20249706346453428,2.3631360720947963,0.11900245963333968,0.48586727847763084
P_3479592,-0.41931239833637995,-0.45649573830995677,-0.7220329986790165,1.3307814440680352,-0.058964267292013144,-1.0384697229895254
P_3479633,-0.8704894495276362,-0.021609950157989135,0.436340111793688,1.103297963872924,0.20120143337715024,-0.7237781453046723
P_3482036,-1.3859083578181992,0.1101685677730234,-1.3666184248034032,1.2713290718330486,-1.77239496751868,0.6366298938959228
P_3482320,-1.2220174053688488,2.0016670634074543,-1.7020646220352988,0.1344643431762601,0.5617407682270132,0.8314444841552701
P_3484060,-0.7145153863750714,-0.2731356423987139,-1.0188658860653466,1.0494448754899721,-0.3901735681520513,-0.8815439170734577
P_3487327,0.8730762741876458,0.8704266464243777,0.5511652081293862,0.02351574142627994,1.1971867507282716,0.46840513764883823
P_3491383,-0.765811851670418,-0.2798309884911611,-0.8718046530963406,0.15439271020787113,-0.982234313998899,-1.0010864107202473
P_3493620,1.6314249103196017,-0.49286939129837165,1.5859917020006142,-0.45694376390046243,1.019484511314368,-0.17634548595988458
P_3495373,0.13305927516671998,-0.682309908880592,-0.3027967929552197,0.12582738469162047,-1.1540803056926199,0.4766907574599968
P_3496636,1.7201252255842603,0.1796861366428562,1.5293502352041306,-0.5083125921649,0.5422233048228096,-1.97129990378667
P_3496872,-0.8097328254844609,-0.014438233507219839,-0.6385376249515498,1.1360897567500845,-1.2361425648427382,-0.7188971764264849
P_3499099,0.2390745679471467,-0.41609052401430724,0.767026953173967,0.3135927637161377,-0.8724747773380369,-2.142507946501665
P_3499689,-1.3839126653319591,0.22836523506819228,-1.064526740837357,0.1481162373309933,-1.6929086303674974,0.22071568886793183
P_3500408,0.288280637503862,-0.0651222512742916,1.1786238130229973,-0.19921924185487017,1.9237821984712238,0.7257982372098336
P_3501025,-0.21740605273909133,-1.5833478968724048,1.2947094549108307,0.7248198282066709,1.1417652862316616,0.5479638285735122
P_3504385,-0.2547246631459857,2.317879259323123,-0.6547549506998673,0.1592803217225391,-1.1648749954401376,-0.03827290273174723
P_3507403,0.8674805019091952,-0.36356843125390154,1.0794539738799183,0.5248623433251675,0.8268327076523687,-0.6664469213517924
P_3507916,-0.13112779676555394,-1.43866092710727,0.82208374971057,-0.5680608104689978,1.5200721781096063,1.260961654298033
P_3508488,-0.8314050167205075,-0.7022227335859588,-1.7060416634773834,-1.365658310642988,-0.3897412175406172,-0.11748449231184244
P_3508897,0.940902933402348,-0.4914115152613738,1.0828007839105038,1.1462440229155784,1.3771304153288784,-0.5842139505404025
P_3509945,1.4179221706982053,-0.12365908847850818,1.239499933506443,0.3275318684173246,2.0903446952084472,1.2770329995708654
P_3510288,-0.00048565940307499937,-1.1873673327659306,0.6527110120160918,-0.7005010191789424,0.6481354223068367,0.3555884561841779
P_3511752,0.2975409623627878,-0.6450686859245567,-0.3029432592966549,1.0404658394558113,-0.8074512989369321,1.2702637824195089
P_3514071,0.16101979261434976,-0.6414612624117036,0.010530493355601396,0.6557775911287048,0.4418586461259512,-0.9383037719477539
P_3515162,-0.7719799795658345,-0.12133529010456176,-0.4942776744135635,-2.5808157883854865,-0.7568199195548208,-0.874839419079507
P_3517143,-0.06909092672803877,-1.2037241597215589,0.01602057646338508,0.2746232740758628,1.0888142695886336,0.9350491566147425
P_3518933,0.2672028751356971,-0.6426502706663996,0.44805997669935577,0.754033957926307,-0.1563572388107852,0.1625956116362599
P_3519576,-0.30660420807294214,-1.5831017476237703,0.05941434244874936,-0.9707608954778295,1.0006065283683734,0.10912330875544972
P_3520192,-0.33238520054665344,0.6125687706787646,1.4246053500151028,-1.008287931194329,0.6663309145147622,-1.0858156570277042
P_3521018,-1.432265330537548,0.23942662729686098,-1.0799929447675143,-0.6505026333773839,-1.7013807082946346,1.0857276312262436
P_3521531,-0.4722656926773912,-0.7391143685309199,-0.020616730613289995,-0.05246428956089687,-1.8285460998343088,1.0044267623455365
P_3522545,-0.21787415856636186,-0.4544221389123886,-0.15106109115939745,-0.17934460962525725,-1.7923532152179944,0.2837599925720144
P_3523574,0.28953114378654077,-0.338264946926197,0.15831057323942704,0.22241535691535227,0.2023169052126671,-0.8846779745989934
P_3524987,-0.9280380358195031,-0.9012578846044087,0.680459233395205,-1.1298137817334062,0.48724441110470823,-0.301543550625204
P_3528635,-1.3962178117982673,-0.5411588825303103,-0.7798366872085649,-0.2254959326989905,-1.683342648009554,0.8019517452672924
P_3528734,2.2658182739971555,2.139063393790486,2.1050063658161817,-2.073057025757634,1.1872443844406766,0.9768375948025186
P_3529389,-1.0675819018819284,-0.7984878889757223,1.2063007193587507,-0.1625805994398903,-0.0790352552869537,0.5429923526017552
P_3529536,1.1282360528983113,2.239575151977348,0.8972654522991065,0.3416727914812133,0.7550244192211447,-0.4237094003822764
P_3530724,0.6259603502870484,-0.897679393109605,0.9672583265325267,-0.16361993268519437,1.812783853192424,0.22349704791113392
P_3530886,2.4812287027092945,1.681936901300783,1.6293965297166415,-1.4049128212252333,-0.26122185034510154,-1.3103372419832424
P_3531323,0.5463206454271298,-1.38577895246553,0.053454379662588654,-1.0286733297618713,0.652490690299562,1.7660003684838752
P_3531836,0.5419982954647145,-1.121592550117592,0.7532379388631993,0.2254955345534119,0.06885193567125324,0.4152509956194526
P_3531866,-1.056529680727712,-1.0560433119155792,-2.084651166514968,-0.7216220746527077,-0.14969102605299134,-1.8410262772303192
P_3533962,-0.9993955168288507,-1.0754061870621787,-0.47940885937200034,-0.8863195466431439,-0.25180358199659897,-0.7619770552377635
P_3535093,-1.4565475025952002,0.13205606437250467,-0.5367923757443391,-0.03106638870406184,-1.8266711324061935,0.03357146501209713
P_3536208,-0.8815460988163033,0.3951363469348715,-0.20521475234023717,0.5602223237417052,-0.5057069731899733,-0.018731750484065494
P_3536228,-1.2459589863259093,0.2515670150127017,-0.23655261013007337,-0.1985748290931233,-1.5522637282997374,1.3094639029849717
P_3536424,-0.2613324160890084,-0.1671022356598103,-0.1175424210440931,1.4185042627247872,0.4131190979410961,1.4614757881737956
P_3537805,2.157952271036161,0.5198495261667261,1.1718360257960623,-0.9774431926966957,2.0018457844139927,0.835652095725424
P_3538484,-0.7229617886679126,-0.18577469178207134,-0.8478527185820287,-0.3100158526823117,-1.8135170768203412,0.0414996906065321
P_3538844,1.247446247099279,2.866674105399665,0.7477952705722705,-0.6099740424679868,1.2957302734263518,0.6006702954347045
P_3539182,-0.806158492149989,-0.11511907715823497,-1.6423960858862467,0.4408709978167105,-0.9634175351353741,0.31820846473951614
P_3541925,-0.4021942584709952,-1.2700134594604657,0.3458493077258196,1.4373788320791712,0.516066825594298,-0.6639011428754507
P_3542962,1.4143097402705118,0.13685571173225358,1.7563996442465475,-2.331970141259071,0.9772555378081825,1.5964919624962293
P_3544561,0.3024816646318512,-0.10414533687649086,-0.6704632833656903,-0.7272507005996568,2.280175028952124,0.34112010232438633
P_3546501,0.03652264967098769,-0.9574950779866098,0.05930323913769712,1.6807846118981795,1.1069573402223594,0.5592135589180002
P_3547298,0.0822552580749536,-1.3143558610387722,0.5310942948813508,0.16857065847860483,0.44638814514729463,0.025659804262837642
P_3547308,-0.9167257479355908,0.4799892273906932,-1.8806524385517749,-1.2977188675931746,-0.5938308124735026,-1.5262089930964167
P_3547784,0.6892635158553178,-0.7864261149742059,0.21061299821333868,-0.4056185217482646,0.7307609758612733,0.06012503659079541
P_3550972,0.5052975515000729,-0.6270971364050064,0.9914924040519777,0.9200824032891397,-0.9366574953764017,-0.3742736581797892
P_3562415,0.7701833309410009,-0.7984214348851381,0.3844610266930283,-0.5158972687836106,-0.396566894231361,-0.5662348028996854
P_3565033,1.981811989606978,-0.49835153182917324,1.0226204196679103,-0.9821307994994428,1.3520748817060875,0.6767189967833488
P_3566162,-0.46104345433952865,-1.0949132085579567,-0.12897366310948563,-1.275809430461859,-0.3768791777166452,-0.886219290215794
P_3570532,-0.02200532588621589,-0.7264994770047809,0.8460498573257847,-0.078959660925441,1.104248370115032,0.11441641649923429
P_3571709,1.6488429325385352,-0.03811836677449895,0.15352517480964253,0.23798861078707556,0.7437923947414188,0.8348559538745027
P_3573457,-0.4393046487991002,-0.8723804128097463,2.29660386767974,-0.7856946189026176,1.1388224038400596,0.6901287842075972
P_3574039,1.1096861283088575,-0.8577783538929643,-0.662595770569425,-2.0348762472337674,-0.9279000494691898,-1.9216688942756803
P_3574398,-0.36013437073653104,0.08022735310491362,-0.7093846621236682,-0.1190132272835572,-0.5625935170389504,0.08318396265157331
P_3574537,0.7952441585390351,-0.8115691508255792,1.1802088327881624,-1.4265434824117802,1.2575450875120697,-0.8471587078127074
P_3578065,0.7678495357452402,-0.20372097808259623,0.6538447870797687,0.7716055844643093,0.21812051233633972,-0.8351204394707432
P_3581240,-0.7347163744742244,-0.0049640160149964675,-0.4657230028735334,0.999380157720684,-0.9864426978208836,-0.25919888498215804
P_3582765,-1.0522690998905266,-0.25524112170280566,-0.996165117238366,0.4540294318838387,-0.9353602210441332,-1.0922723563164125
P_3584805,-0.7401704967198677,-0.3783097590024496,0.7271895367269986,1.4134464499888757,-0.43323971580498566,0.06614391592717629
P_3588011,-1.030197695471009,-1.0820843648485456,0.43657622692581605,-1.1882669415329459,-1.6320208862433274,1.08056749400457
P_3591519,1.9387827573705616,-0.06716897947482578,1.19999334616179,-2.0562408191168107,1.4459707093723222,0.8326782171181638
P_3591713,0.10946172231309885,0.42795037025906557,-0.9381931479456015,0.8386535752510589,0.5045969024476199,0.3550871928035516
P_3597232,-0.5603265912365868,1.629772438661637,-1.388444776589309,-0.35860084988791313,-0.644340404002736,-0.04865344562198511
P_3597459,-0.26048684636354125,0.9336388949053841,-1.5616138427271504,-0.6843715692781933,-1.0752057023323118,-0.20773661506913177
P_3599871,0.4164563579472482,-0.15794161540637208,1.4194577468126617,-0.9052178664401934,0.813996088052796,-0.22071235402498368
P_3600054,0.29844002487976257,-0.02849553484129094,0.5100760495690223,1.6167187308686273,0.10457005734147311,0.6868870767973817
P_3600072,0.4415242303856675,-0.7285266009372605,-0.13454138549530378,0.8034203529227121,0.3160760837665403,-0.17049052390176078
P_3602726,0.5567925679822234,-0.6725273367969379,0.3677704358391198,-0.24773279605357545,0.8667571331201815,-0.5419194843620206
P_3603875,-1.6084402529434156,-0.2989621141960921,-0.5529753906868319,0.3440064913466799,-0.9418433134127836,1.5792649778390624
P_3607529,-0.7820187672478397,-0.42529960963570085,0.5380233949423825,1.087961082092422,-0.16798772005155801,1.7333482857908995
P_3608868,-0.9311771775387689,-0.10099872624208617,-0.5895466940235067,0.8201029624986135,-0.8008884814897316,-0.9855036552107929
P_3609857,-0.3577806090052157,-0.7714767957140514,-0.8703402186779653,0.37629718974544835,-1.5375308458365124,1.0924536646572676
P_3614626,2.12466341309824,0.5082922366065332,1.4124773229131813,-0.5494029464279109,1.1922982439121814,-0.32024187986766967
P_3620960,-1.3231821011248843,0.77814214150324,-0.27698859258163827,0.1577946291436357,0.17982201086714064,1.0955414709509004
P_3624686,-0.08491393539659776,-1.3525388251166317,-0.9344103457697321,-2.665626885205369,0.21417393509345073,-0.5696301986456987
P_3626428,1.8919695949614102,0.7238951401086007,1.8416788396508272,-1.1652466517431623,1.0531956662356063,-0.37567126149282093
P_3626914,-0.4366811414537472,-0.09825422677074062,0.5237928203456825,1.0929849828146174,0.32401297244356947,-0.2141253882777108
P_3627561,1.2973091413564828,0.42121135853890695,0.5449777438767825,-0.6094668068044323,1.8253665933743948,0.6213126941959457
P_3629349,1.7686709946895338,-0.19700955390356023,1.500144784264239,-1.7229544838974253,-0.14787017848178363,-0.7930795102271614
P_3630442,-1.1232057477502702,-0.058284682528849704,0.5029145961540166,1.1500316914982829,-0.4678717530896512,-0.7482494087547823
P_3632619,-1.0132043502146981,-0.1296388311958809,-1.4136384175044965,-1.2181439877174989,-0.6662445457806137,-1.8980801761151782
P_3632710,0.12172788979038969,0.6041092518511091,-0.00713208571725717,-0.15948594579041836,0.15239260506508587,0.4672617814907663
P_3634430,-1.130980154407718,-0.3042458636500201,-0.6520000460771239,-0.15466068617407355,-1.577633103622273,0.6105472947635586
P_3635503,-1.0186358334324654,0.37015274515312746,-0.0005744118686496411,-0.2828249223217392,1.043713239277302,2.047077438933892
P_3637475,0.9987950118540163,0.3464297400879147,1.0653773876183081,0.28256758794409187,0.2842830961189146,0.47556673195687216
P_3637878,1.4124484336198648,-0.4148092911960119,0.5028397725163832,-1.0416212745615023,0.19984093886822704,-1.3556075389566622
P_3638851,0.44039430859617035,-0.3897434586099537,0.540405302885575,-0.06884726645578118,1.2094808851133292,0.47925000304490595
P_3639477,-1.227708620052687,-0.377796292498501,-0.7010724306273625,-0.8252201369312354,-1.1027643323699592,0.6003182376518822
P_3640202,-0.8277599872605796,0.05064287741879173,-1.5639590805545636,-1.6707857258953545,-0.32890000275515796,-0.050366101025735216
P_3640564,-1.2535902446888536,0.6323392556165938,-0.9885691944046081,-0.2407774381729557,0.11488659175198015,0.7219031870895742
P_3643085,1.3032900119564605,3.2393367970851474,-0.8316195884205907,-0.24288890236849128,0.19329781336056753,-1.5404551339621921
P_3643410,-0.31991324784833247,0.010368012726337347,0.17856805717157176,0.42901436773040313,-1.6631990400683887,1.0416301237911754
P_3646361,-0.6076528923199795,-0.10224938187008549,-1.6011400867356493,0.0952792643413858,-1.5790656315291027,2.008860578536601
P_3647383,-0.01773852836040465,-0.03153014875642479,-0.2657133631478022,1.8325945220018025,-0.5772879859316958,0.11910619803744861
P_3647508,0.13541081418427847,-0.13859763696181182,0.8158366248479181,0.900114193074251,0.7443188891850512,0.7658488614470178
P_3649077,-0.9850145844416794,-0.48200309147403453,1.2115281018932589,-1.5668818524571007,0.9703251049554312,1.5251815340239074
P_3650599,0.8845040375935614,0.4922239659535656,1.3460982808265456,0.011792424784279443,0.06815497458724072,-1.7238312032426
P_3652038,1.2925298722390617,-0.557949185522764,1.7530554509722618,-0.21039950031201649,0.6121656503371405,0.2865598133071567
P_3652984,0.7252344109457141,-0.5690899380777613,0.4650648239256165,0.29753242468579594,0.04724795435066321,-0.28299196751528294
P_3656059,0.9925918190298099,-0.16182075853888764,0.6260345403682779,-0.4816472583188842,-0.33743077612536965,-1.2583690998517287
P_3659590,-0.5166904099509597,-0.7828441104809927,-0.22154800281500156,1.520007720086743,-0.6609938743833207,-1.2821897815419445
P_3660148,1.1420147602222743,0.43520652409797295,0.8333336455351416,-0.1450681257924833,0.3519193458503072,-1.7580335318145088
P_3661636,-1.0831056166747435,-0.5005888430277918,-0.28224416495690985,0.6426524396085687,0.47451891113076394,-0.9068039135288166
P_3663193,-0.8677475595090298,-1.165078560250238,-0.31895872284666016,0.9660682787731579,1.0833772420729813,0.8315124782694867
P_3664851,-0.1041545576680094,-1.006335913717492,0.3170924506041403,0.3583791179492072,0.5171040203969556,0.1648367542082706
P_3665096,-0.9618982225021998,-0.5683103950819378,-0.45836734560461956,-0.06843115377315034,-0.20379996761543887,0.30904981957467276
P_3666134,0.3785495744850788,0.5729416594570536,0.2238884389865149,0.15957955717865346,0.9130008413161232,0.3401271714068466
P_3667948,1.2840340855574315,-0.6316658020358011,0.028446410434272196,0.5793561778506316,0.7380621144193,0.46066964164639346
P_3670008,-0.17633080006103555,-0.027905037294263222,-1.945497882188408,-1.5341040210760408,-1.1881579419849027,-2.619368274023187
P_3670730,-0.619427100880533,-0.5108647457080668,-1.2804521271693006,-0.8222934668858164,-0.39826796942475085,-0.4099431432384618
P_3670857,1.028355737886783,-0.4274485360471397,0.41850430148995477,-0.328910668216265,1.6677925476564817,1.1908190680608925
P_3671361,-0.4716025310097168,0.0886556955138726,-0.7201442019752944,0.36888437381586814,-0.3743887848661718,-0.9322875124435211
P_3673356,-0.6293522010077618,-0.06282626169495846,-0.2264766113920325,1.2793683883183675,0.07735974019600216,1.2044200810554804
P_3674959,-0.9789638642185831,0.7720167343677892,-0.7668314101053588,0.6934618752579945,-1.760534514245323,0.8061661369177407
P_3676260,1.1163771298912069,-0.38295895840759564,0.8335525897474317,-0.799791304723531,-1.068169326406244,-2.5407395888671407
P_3685803,1.2751537965353643,0.07366947709749908,0.3282184276915827,-0.00789994982121957,-0.7330034122308768,0.044678510550778074
P_3689493,-0.8121540830591233,0.5255060613848742,0.4640950060762435,0.9216078059303981,-1.5649613815436696,1.1248623629235857
P_3689678,-0.3207965974414934,0.37826469521274586,-1.4108606449350822,-0.8895344431783306,-0.776559663103374,-2.171491156406803
P_3690420,-1.0645781182837781,0.2813683861781732,-0.6047859344025756,-0.7830036607885923,-1.502568741378147,0.9275485586354633
P_3690466,-0.5761903622275975,-0.38546940415565223,-1.1613533089194656,-2.731938671195841,-1.087034835709219,-1.832358282387892
P_3690635,-1.1461466196944134,1.651466901364008,-1.8037583796421137,-0.24045548274638334,-0.39269286565383693,-0.33807777812913686
P_3690705,-0.6324380589470662,-0.23917245930945222,-1.401483193585723,-1.7032836507909337,-0.6320204787752248,-1.238617066673966
P_3690839,0.9853454062569138,0.04947724012338251,1.347440022924944,-0.21151672139798522,1.961135783985716,1.2237704808869336
P_3691379,1.4254165826269702,-0.04274316747225489,0.38659618895460035,0.4180438727575981,1.67062325404386,-0.2123113249937821
P_3691511,1.4555183391254367,-0.6305790429517819,1.5741617497661087,-0.779387851275748,2.1320395910727044,0.6308705007258707
P_3693106,0.45743545210371744,-0.036065239276721395,0.7426564319147457,0.13719930383275955,0.25672601735096484,-1.8923355216424367
P_3696071,-0.11305855649194196,-0.7341597016641225,-0.6611782344565311,-0.8336628178879129,-0.07083599818472153,-1.4779620340362667
P_3700371,-0.8249179648864446,-0.020791451742379834,-1.4793404772242083,0.2729163625152566,0.010998420194919544,-0.21995218292941807
P_3706565,0.09167440598592341,-0.02655824953391042,-1.5258297522146589,-0.24304221810394058,0.8373803091346976,2.433250632906906
P_3707789,-0.9988657859004142,0.9025076202091509,-0.6266317628421767,0.6189566908996678,0.5517582192275681,1.5780084840854434
P_3708729,-0.03054579764493195,-0.2180415341256645,0.838681024367887,-0.299594125441615,-0.9457572408008118,-2.3114276009935906
P_3709099,1.8898559723940211,-0.08289334023781217,1.1682735401114943,-0.5911122983626718,1.0625471632916594,-0.18398002088211937
P_3709211,0.01236678653228073,0.10124934069130792,0.7483007930817457,0.9867888282678611,1.712722474555083,-0.10396325892941448
P_3711418,0.7790857852157401,-1.4044103906426997,0.9932264679097729,-1.3110652146695707,0.9364253733438109,0.2782877229167265
P_3711426,-1.2685289978852228,0.9216634998024995,-0.4383299469620389,1.6427317306327038,-0.2946394629856044,0.9356425302855037
P_3711558,0.5724291819239726,-1.1800347278552707,0.791206747258167,-0.2513200102191031,-0.23725659309609184,-0.035415289818730086
P_3713904,-1.3296811945581246,-0.27971706856606193,-1.2922742087823025,0.20058627963161146,-0.7478210246451965,0.4667832942349924
P_3715235,-0.3331767591709951,-0.6082992111436447,-0.11509874852173939,-0.283826549918991,0.06250206146241935,0.3579197360725039
P_3716299,0.4577756794745841,-1.2108662677768132,0.43026142050695815,-0.9642125408225982,0.16997736200679925,-0.6782067380837812
P_3722707,1.5553047566623597,0.5358813913625516,1.2159701667567413,-0.9952582964829731,1.2683076229574182,0.7891386236476362
P_3728577,-1.0043078064194542,-0.047447889443099675,-1.2654397725674982,-0.49427663518733267,-1.5925146258668914,-0.030462234411870022
P_3776258,-1.197478727050845,0.5081618848082867,-0.2079961515424798,0.7985528257268265,0.7680212124408163,-0.359638870842707
P_3955840,1.6542179443219385,-0.17210379755120384,1.5681633577637037,0.672502819330897,0.9946847258224647,0.036993821212444995
P_3959056,-0.6509901687177375,0.29089292411823386,-0.19657998674018162,2.3732082217942176,0.9641133943904239,-0.5321277154365912
P_3967416,-1.1388865544729816,-0.6991417866947929,-1.8221824854429942,-0.7419345252078388,-0.06527525037076451,-0.9846071197774876
P_3968309,-1.3954825493908607,0.7712936392983728,-1.4888283017173658,-2.1248639318659857,-0.8673651932989458,-1.2621828567915765
P_3970783,-0.5174403434804465,-0.042119998536671185,-1.5863362247471304,1.1462472931352172,-1.131959074851709,-0.12875484211036925
P_3971113,0.005462586397111824,-1.0881436841858714,-1.3326387530811774,-0.5289284673920835,-1.7033695993661755,-0.011759711346560587
P_3971943,1.7578766738815756,-0.3409362603407422,1.7668964253875572,-1.2160196760015896,0.9655060051514873,0.6394005932908123
P_3972165,1.6175485199067539,0.1552147484800913,1.445287133397782,-1.0596769567291426,0.9679636794650983,-1.6020629727664573
P_3974012,-0.9872691160597834,0.7347420279042614,-1.4179308306169713,-0.17295425723787555,-0.4140658171795467,0.2168553002899523
P_3975896,0.04006274630784845,-0.7699747953396366,-1.1146844026240557,-2.04286149539768,-1.2363094361837224,1.3206105087089997
P_3976021,1.5966473881991798,-0.7654967092830147,1.9774200851118224,0.5327984180121125,-0.03615409411017153,0.815311299363228
P_3978136,1.2374416098659413,-0.0325907031309254,0.35299130696846426,-2.5142257193389175,0.8151741601510365,-0.4908820772659595
P_3982081,-1.2123890911475914,-0.16473053419661574,-1.58971501297554,-1.551402167338973,-0.037451811025304024,-0.040333283133835524
P_3987476,1.3405271951904156,-0.7033895921677188,1.2701807892100103,0.15698834271164402,0.48408763090308976,-0.17330586670905446
P_3988673,2.026066869786392,4.0654133418375284,1.6536595237545018,0.10497301073750794,1.3075386804705909,0.5350325322627586
P_3988958,0.45403451887379,0.2430332495905271,0.9811717879267309,-0.2764047046485766,1.407967395886732,-0.4361608315127048
P_3990124,-0.04835116767852609,0.12850959921284794,-0.6325089496411446,0.9468641391928325,1.4646083335009592,-0.4651185312500884
P_3990377,0.5646956291494697,-0.3088382559983429,-0.4497807175915391,1.5089647040199314,-0.5401380464767166,-1.5733834291493272
P_3993714,-0.6586412839911319,-0.39092405659906776,-0.47680824785380027,0.30216312716497395,-0.13848164282163056,1.1870299811202243
P_3995834,-0.30418214415576145,-0.41352448953313137,0.5067767884253671,1.2942514421007045,1.1106798537875875,-0.3437232897913767
P_3997889,-1.806697304306491,1.553035134655948,-0.6803449083874044,2.3245715290458593,-1.1547867090662993,1.4138864751495899
P_3998441,0.13475950932657033,0.6153296698019802,-0.017787334355942465,-0.6360974383090495,-0.543937959176469,0.23569406995492548
P_3998444,-0.1756334454426957,-0.34612798411567053,-0.5211245899031423,1.2999561854317647,0.4662745412085919,-0.5303791057840701
P_3999462,0.2847817448334192,-0.3946786985703807,1.339071482412896,-0.9670791101670777,0.8377538117082304,-0.6067076250055939
P_3999525,-1.0253233453306678,0.9433587790446991,-0.49033078584057055,0.24907947201364738,0.7307491416789469,1.5115128553415393
P_4001378,0.9480096619395033,1.4599173613477534,1.1881724652478325,-0.6498722706488511,0.7220642282583545,0.44017316069728285
P_4003838,-0.4928526241562805,0.30168996980144586,-1.2503839451583574,0.17404842799957182,-0.11620156613606476,0.6208021759382102
P_4005161,0.730492626125617,0.6900713500651926,0.47918251536433853,0.980977700935592,-0.29620961836923965,0.07289129219964113
P_4015872,1.6346561034511562,-0.8909572552934975,0.9757372891777184,0.17612724277749298,0.056010858701618746,-0.8133296227862686
P_4018151,-1.2233427456438586,-0.09246018798171286,-0.5217061516753139,2.3611355004774603,-0.3276530861530318,-0.3133430245543999
P_4026224,-0.6955706372794487,-0.5885370663073091,-1.4744708506764934,-2.3760164060826936,0.7015627747719012,0.014598781186689792
P_4030581,-0.10037432235081321,0.1004179695058939,-1.2900547070915402,-1.5981860762766316,1.9928994804501459,0.4531635420168746
P_4037166,0.5806397816457305,0.7531066523345782,0.7453420074741115,-0.07757954497383515,1.1616648715414613,0.06306207679106819
P_4039990,0.0687742031779444,-0.8673370699726349,1.1999746746515083,0.7123302891851689,1.552869487813395,0.7954870631785208
P_4045312,-1.4183147987805298,0.9210199211379982,-1.4088350277529902,-0.0786681012832849,-1.5500291215978323,1.1945414904103802
P_4045658,0.5462661367592998,2.2565940661061847,-1.5983209038326487,-2.495505983769811,-0.5924271265849332,-0.6612455025227253
P_4048426,0.1473673353752844,-0.2724247099657279,0.8004212204764359,1.1848810932016829,0.6451526589645825,-0.4316018437605777
P_4049533,-0.9941804322514697,-0.6254133665450562,-0.6664244748508557,1.1951479709059083,-0.15483346860173897,0.8099343800972504
P_4051715,-1.0424126474871875,-0.8386745618831322,-0.7588737201712055,0.860841713834765,-0.738642371832436,-0.47647373197505527
P_4052646,1.3350477203328999,-0.036418967137718986,1.3571228946962939,-0.32373713249881275,-0.034276648662919566,-0.2754663629768231
P_4052681,-0.4852293228551317,0.09298819306317122,-0.522515712112009,1.407459016453251,-0.4119687067999658,0.596681389621502
P_4060221,1.254370734545456,-0.25060261491437263,1.1120842385083247,-0.5187018344471555,0.8262608087692754,-0.05800471910811116
P_4062075,1.7686137323214093,-1.2963167985194983,1.6107187487880799,0.26792297516418684,0.20053048915004387,-0.9153807486001152
P_4063686,-1.1776796312379203,2.5988880952468607,-1.262894073654927,-0.6905898534943224,-1.7140049437509044,0.3956119143571801
P_4066544,-0.06519686790784177,-0.41671199519147367,-1.4516199951942022,-2.0336257917482206,-0.5820430853940338,-0.57391522447245
P_4067227,-1.2875843702355327,-0.4244912867961459,-1.5482503404494399,-0.14004174965948735,-1.3085995900551715,1.1359304497055478
P_4070114,0.3347431006181689,0.5586551870909433,0.00375391649497502,-0.6187197968989849,0.9942629297070296,-0.25220516704172824
P_4071958,-0.6518237862016185,0.36694474085518736,-0.6721997887304089,1.8588508169912645,-1.6271832325770736,1.5329874751989718
P_4075136,-1.6487932081877872,0.43427725359856906,-0.6382919080168287,0.5011325399036957,-1.4779967766214253,0.7657975358308491
P_4088721,-1.3974331898000019,-0.26781412492234613,-1.4444917602275074,-1.3123584874461434,-1.5542305026034693,-0.7668685307368938
P_4090489,-0.5148637703518152,6.9504790676891695,-0.8244642022851725,-0.13420412449049995,-1.473387132347863,-0.6099600381442656
P_4094761,0.18409411876981419,0.22994036242043647,0.3816067750835208,-0.8921490677286585,-0.06518402953635437,0.6366031636533697
P_4095106,-1.1107958895401524,0.22200243821738647,-1.3015887449729355,-0.04320805633364767,-1.4751289864550834,1.8462995738607206
P_4096278,-0.4579504056786415,2.5824863368540996,-0.5865828402030672,0.3547959557454403,0.694528871319263,-0.7032860195495678
P_4098603,0.011978493688416277,-0.17719705036723848,1.001331957701657,-0.7652270994506278,1.0019312977698527,-0.05047130701250865
P_4098790,1.626348941658854,-0.3126602437145498,1.343093854451304,-0.12710098212906737,2.1050775402238275,0.7777770704268663
P_4101833,-0.9515343702128016,-0.46058559650113007,-0.4164769832129988,1.0964251134494494,-0.29337567390703223,-0.17943527319106006
P_4105529,2.144920710960057,-0.15805911823516144,0.9406591120121671,0.6924055128111354,0.9120849681650659,0.3979545525019927
P_4109422,0.7671364106148262,-1.104581841833721,1.1611736657300187,-0.1689479846023206,0.12440207042358051,-1.0058277329410492
P_4111352,-1.2211169017280723,-0.1527232293106073,-1.4182007922345738,-0.020377750127407217,-1.7554774895880625,0.9042385112961326
P_4112069,-0.4540110308916447,-0.31867005951461447,-0.3239264329585026,0.33497308395787895,-0.24965604683682013,0.6695452098025275
P_4113098,1.8466150357797808,1.0537037773887015,1.4338956901789868,0.43421683831272423,1.6279386503870952,-0.40989253914960155
P_4127326,-1.004869031697072,0.8398604936115269,-1.5867057255030184,0.5743577517738648,-0.4371372796559319,0.5878223757189085
P_4129754,-0.9284116871644837,1.9519403117726508,-0.691951862656802,1.280165506649059,-0.05573111723211961,1.233689921138279
P_4129816,-0.7000696202418354,-0.21010813241545126,-0.4872173872423669,2.13834056512829,0.1321891926253801,1.1985196353879035
P_4136886,-1.2857683812216043,0.6193042469343307,-1.8416988332833673,-1.3700427842726641,-1.569539441937243,-0.9819352278171185
P_4147868,-1.2383472478362594,-0.040009346530577514,-0.7979343139077895,0.5205182249932313,-0.8533272885965025,1.574621724045643
P_4164671,-0.02543198073633264,-0.8163438955505419,-1.87268628186787,-1.370681376055952,0.03848550027025057,-1.4276173791739157
P_4166095,0.9370306307714538,-0.43194199178642656,1.125265311890589,-0.18616255862088715,1.1154300146286926,1.207959610478743
P_4166949,1.6856280782975501,-0.4513494281222457,0.9674233259021253,-0.42360345818603107,0.5896176618315595,-0.6089496125584734
P_4175151,1.0613869757578795,0.07459389653910876,1.064590402277663,0.20358449171504928,1.3354939490476792,0.1811093923270237
P_4194330,0.7888494282986659,1.1273964318540795,0.3326198383070572,0.9551223732211859,0.1606098439543531,-0.46640067630838605
P_4198879,1.3239360525162973,2.6495658186996836,1.7931283675108791,-1.7306684356907185,1.1597710790878708,0.29874646551211126
P_4201351,-0.8111193920008031,0.46225095365135094,0.5877902548027868,0.38346440012664534,-1.4576027446784559,1.0435888859391385
P_4217093,-1.1436591404817613,-0.18158671734309462,0.345316561233451,1.0131263845336573,0.004472867394515371,0.7509751845346369
P_4221756,1.1423905024225542,-0.5430397595711267,0.513181725176849,0.6978263439287766,0.5552877113449662,-1.6315418353022204
P_4224755,-0.4269907252385091,2.0281692336489794,-0.5797290273648915,1.3497961614216323,-0.3794593274105365,-0.9445271305178972
P_4236462,-1.1757837550940038,-0.6349174415761383,-1.3115626999591719,-0.8689970226628523,-0.007028760879048972,0.355296911563584
P_4242410,-0.5407514029739616,0.03629298162949607,-0.1570766138496966,0.5028886924965486,-1.8544561570127873,0.7050192010668175
P_4249325,-0.4973948796826331,1.2331426928636395,-1.419144614084495,1.139959811060032,-1.7353681138531296,-0.3694599481642689
P_4253655,0.18403781823687396,0.9301272147275002,-0.49812309974076135,1.4291256323773154,-0.3678283893148719,0.08738469628024507
P_4259852,0.5074701737187185,2.1909764122107407,0.5678347073240362,1.1006075984985724,0.30851274866256545,-1.3556902732775096
P_4261562,-0.8142835529559068,0.5234032010856586,-1.2611105819893633,1.0402466447898957,-0.16982553917686669,-0.09187310890726917
P_4275530,0.6644862761311372,-0.3375768014475863,0.6278040543781096,1.1766354854657068,1.27678505910943,-0.1266855121007062
P_4298639,-0.5596762549010871,-0.3195440921909679,-1.0494803781040867,-0.36928573508499785,0.9062037817396575,1.2234222074652568
P_4332616,1.241654727384641,4.775235368113984,1.1026761583482647,0.34818006957338365,1.0968252824563436,-0.07343133757358017
P_4358127,0.790116459645468,0.6297175944449275,-1.7629505653178912,-1.5327519253624091,0.014666202103954412,-0.5740819397188333
P_4395722,-1.102237171943539,0.3792298789666263,-0.4639074989622136,1.4916053926496748,-1.790536045709156,0.09780975199574286
P_4449302,0.5657185267088191,-1.0667772246615557,1.1236705261985855,-0.05377767598190518,0.35673206164681803,0.8006072237189032
P_4450901,1.1412701577702484,-1.575841507054473,1.3947213985650118,0.7741533827369632,-0.35252421678209883,-1.9385620457981165
P_4450954,-0.8740973793480369,0.17702897404838228,-1.2415494414711832,1.5813584331951467,-1.663491438457776,0.9912328752979838
P_4452042,0.6547155644151363,-1.1477123468288573,0.7245885560097844,0.9771073885905134,1.7122112394151807,-0.01974284619007536
P_4453698,-0.7344493029333319,-0.28136430629548875,-0.7165238417022736,1.9067723361317757,-1.4516356606222756,1.8747668177435544
P_4461367,0.3408494093383671,0.18870258082398053,-0.2844482951477275,-0.019081195705357986,0.4158764859820188,-1.0837749816536224
